{
"type": "FeatureCollection",
"name": "limite_quindio",
"crs": { "type": "name", "properties": { "name": "urn:ogc:def:crs:EPSG::32618" } },
"features": [
{ "type": "Feature", "properties": { "DeCodigo": "63", "DeNombre": "Quindío", "DeArea": 1933.2003846800001, "DeNorma": "Ley No. 2 de 1966", "SHAPE_Leng": 283107.16965900001, "SHAPE_Area": 1933200384.6800003 }, "geometry": { "type": "MultiPolygon", "coordinates": [ [ [ [ 422152.452891249326058, 521807.271267671196256 ], [ 422168.942147165769711, 521802.651436595537234 ], [ 422189.397093156294432, 521805.261240239837207 ], [ 422199.960525973525364, 521812.48426437145099 ], [ 422210.533162595937029, 521828.913691199966706 ], [ 422221.113687036267947, 521853.233950810215902 ], [ 422233.664968002121896, 521869.003693104139529 ], [ 422252.147338484355714, 521878.191468486562371 ], [ 422278.537526565836743, 521878.164928739774041 ], [ 422292.375218410161324, 521861.053567803173792 ], [ 422311.459134863456711, 521812.371956458955538 ], [ 422327.258175192284398, 521777.503153983212542 ], [ 422353.61529249267187, 521744.596780692285392 ], [ 422360.868581554212142, 521740.64394583099056 ], [ 422370.764957661856897, 521740.63392359984573 ], [ 422375.391753312491346, 521749.178036797326058 ], [ 422378.720320771099068, 521778.766920379537623 ], [ 422378.775848562596366, 521834.004883783520199 ], [ 422384.734140957472846, 521854.384754379105289 ], [ 422396.618268751248252, 521862.921459740027785 ], [ 422406.514646837138571, 521862.911444152006879 ], [ 422417.067981435509864, 521860.270480567181949 ], [ 422431.570119242358487, 521847.761410986247938 ], [ 422451.33426193788182, 521819.465047931298614 ], [ 422467.151925710728392, 521803.009049460699316 ], [ 422482.317693343851715, 521794.445191151753534 ], [ 422501.449966467858758, 521793.768166679015849 ], [ 422524.550567362282891, 521802.951338639017195 ], [ 422558.889480032841675, 521834.48165382508887 ], [ 422588.608071145543363, 521864.043726461415645 ], [ 422613.028858143487014, 521873.883396879653446 ], [ 422635.459775307856034, 521873.203174625698011 ], [ 422649.302144028362818, 521860.695191685168538 ], [ 422656.534412712790072, 521835.69925614760723 ], [ 422657.153946134087164, 521795.584719584323466 ], [ 422656.46057298546657, 521762.048159967060201 ], [ 422659.087779537308961, 521750.208779850741848 ], [ 422666.997629022866022, 521742.967099902452901 ], [ 422679.526388731203042, 521736.378695918072481 ], [ 422699.971477190847509, 521729.124484827392735 ], [ 422734.929343622527085, 521719.88317446957808 ], [ 422769.889647523581516, 521713.272311402193736 ], [ 422785.054220842546783, 521703.393055827706121 ], [ 422797.564666074642446, 521678.391782022896223 ], [ 422825.211840935284272, 521615.892242499568965 ], [ 422833.778944684541784, 521606.019995763956103 ], [ 422850.270081372407731, 521603.37309285136871 ], [ 422864.130979095294606, 521609.277444989304058 ], [ 422886.582986622233875, 521629.640514224709477 ], [ 422896.499032733088825, 521649.358835067367181 ], [ 422905.085585011751391, 521659.213936272310093 ], [ 422916.30277970462339, 521660.518182289379183 ], [ 422930.812231536605395, 521655.24273539101705 ], [ 422955.202805400942452, 521634.832923225942068 ], [ 422978.259525419271085, 521599.957160301215481 ], [ 422991.444747319910675, 521590.080089678463992 ], [ 423009.256181001779623, 521588.089467886660714 ], [ 423032.354831415577792, 521595.300072328711394 ], [ 423073.283353677019477, 521618.932948241010308 ], [ 423099.697051925584674, 521642.580375347693916 ], [ 423123.469777188962325, 521664.257149403623771 ], [ 423140.642391474393662, 521683.310489438765217 ], [ 423153.847368137736339, 521693.161193837528117 ], [ 423161.108582135115284, 521697.099710708775092 ], [ 423167.702822406077757, 521693.805047374044079 ], [ 423170.994375269277953, 521686.568156446854118 ], [ 423174.938527244608849, 521672.097380846971646 ], [ 423165.634662283584476, 521604.373709253617562 ], [ 423164.945401886594482, 521574.782493209349923 ], [ 423166.246034990530461, 521555.710899803088978 ], [ 423175.474056858103722, 521547.153007734566927 ], [ 423186.027531023370102, 521544.51211472786963 ], [ 423213.738645777746569, 521545.799999901559204 ], [ 423249.382426815456711, 521562.8618089465308 ], [ 423292.281458843848668, 521577.944231558125466 ], [ 423310.094238815829158, 521577.268684889771976 ], [ 423318.004208957368974, 521570.027171575289685 ], [ 423321.93731201387709, 521544.377054617740214 ], [ 423326.510443251463585, 521498.998237985244486 ], [ 423338.363941898802295, 521476.628437998646405 ], [ 423356.160307682410348, 521459.513031632115599 ], [ 423376.600488552299794, 521446.99864213517867 ], [ 423398.344945401942823, 521419.357871314103249 ], [ 423410.853666173992679, 521392.383723817532882 ], [ 423425.339012904092669, 521362.777602763322648 ], [ 423456.974722165497951, 521329.866646982787643 ], [ 423505.101923015899956, 521294.30844012950547 ], [ 423558.50521489570383, 521256.772515886172187 ], [ 423606.63171741052065, 521220.557078502431978 ], [ 423642.875503518967889, 521177.119885056745261 ], [ 423671.861389073194005, 521133.032224560971372 ], [ 423689.002223693300039, 521119.863404610310681 ], [ 423706.811789098428562, 521115.900355020654388 ], [ 423722.648586184659507, 521118.515328822890297 ], [ 423737.187334442511201, 521142.831824912049342 ], [ 423751.731159073940944, 521172.409155590110458 ], [ 423766.918526081193704, 521185.546201441204175 ], [ 423789.351609599543735, 521186.839463732903823 ], [ 423802.537067445227876, 521176.962319549522363 ], [ 423806.47814287559595, 521159.203525405027904 ], [ 423806.454177100094967, 521134.872237229312304 ], [ 423805.762596690212376, 521102.650653664022684 ], [ 423807.056882040167693, 521077.00337438529823 ], [ 423820.90009443910094, 521065.152942179352976 ], [ 423834.097331373137422, 521067.11263788852375 ], [ 423857.855696587823331, 521074.322903719439637 ], [ 423882.946648509299848, 521094.68360103527084 ], [ 423913.322126559563912, 521121.615093046275433 ], [ 423941.702085390978027, 521132.108603352156933 ], [ 423980.631601209170185, 521136.016134966514073 ], [ 424022.196530062763486, 521135.975300059886649 ], [ 424050.571935874060728, 521141.865571552712936 ], [ 424133.951081385195721, 521165.759804672328755 ], [ 424157.159700082847849, 521167.097567826102022 ], [ 424181.044798443559557, 521162.31178328813985 ], [ 424209.69851921161171, 521147.996625354338903 ], [ 424242.421666336653288, 521107.144849591422826 ], [ 424265.60489743220387, 521082.630297452327795 ], [ 424298.351411892625038, 521065.590172391443048 ], [ 424330.416743703885004, 521049.910938906832598 ], [ 424359.754446173086762, 521036.956071900960524 ], [ 424377.487976900534704, 521023.332477755553555 ], [ 424396.577135221799836, 521000.18228839855874 ], [ 424412.93081567750778, 520971.592711650417186 ], [ 424423.843281406327151, 520962.737554188526701 ], [ 424455.915924152242951, 520954.542170034023002 ], [ 424497.547898226650432, 520949.739538274821825 ], [ 424526.894955345022026, 520946.309265049407259 ], [ 424556.917943145614117, 520936.074749529012479 ], [ 424596.486958427121863, 520915.626378801651299 ], [ 424604.666433751583099, 520904.052743247884791 ], [ 424601.92226120136911, 520889.76861097686924 ], [ 424593.028965993900783, 520869.367508243303746 ], [ 424589.597592027275823, 520850.321754176635295 ], [ 424601.1866301051341, 520835.342817889060825 ], [ 424634.623163357318845, 520825.785963229078334 ], [ 424692.632805004599504, 520816.884967656864319 ], [ 424721.970648702175822, 520803.930137327406555 ], [ 424774.493985983368475, 520768.501985329843592 ], [ 424809.955174225731753, 520735.131349500559736 ], [ 424843.387117360893171, 520720.812096278008539 ], [ 424878.192181013466325, 520714.655235557584092 ], [ 424904.808427592506632, 520710.547394777589943 ], [ 424919.131124118051957, 520698.968171796761453 ], [ 424923.211441011342686, 520683.316356452472974 ], [ 424919.785958596738055, 520670.393605540681165 ], [ 424910.203578283195384, 520643.189803009387106 ], [ 424907.446996287384536, 520615.979202211950906 ], [ 424916.290639087848831, 520585.355909459351096 ], [ 424936.048145899141673, 520547.23836959770415 ], [ 424972.188122559105977, 520509.785230263718404 ], [ 425006.975532675744034, 520485.259613697126042 ], [ 425041.090919275244232, 520471.62014075438492 ], [ 425089.544839255628176, 520462.728782315040007 ], [ 425157.789337523165159, 520449.736741619533859 ], [ 425230.128701877722051, 520436.06016369140707 ], [ 425349.562842009589076, 520419.61702023021644 ], [ 425414.40045052242931, 520412.751299755938817 ], [ 425430.094259263074491, 520407.293490331736393 ], [ 425440.319742538267747, 520393.677105899027083 ], [ 425460.762188637629151, 520357.60034568264382 ], [ 425488.015355310984887, 520305.869240243337117 ], [ 425518.703553218569141, 520277.265860619547311 ], [ 425541.899195638834499, 520264.997341787675396 ], [ 425577.386310169065837, 520258.159943914506584 ], [ 425622.434772856591735, 520256.756435213028453 ], [ 425665.445319294813089, 520265.559015937033109 ], [ 425694.799776850966737, 520269.6128383075702 ], [ 425711.174244297260884, 520262.113512994721532 ], [ 425723.444341666821856, 520245.093552301113959 ], [ 425726.151792349177413, 520221.27952618803829 ], [ 425726.134092331165448, 520202.910842598823365 ], [ 425719.971397278015502, 520182.506981953280047 ], [ 425713.120830319006927, 520156.66118821897544 ], [ 425708.315416058874689, 520128.091932723938953 ], [ 425709.665019170264713, 520111.762621118163224 ], [ 425721.935650801635347, 520095.423034689680208 ], [ 425753.318312823132146, 520079.065164632571395 ], [ 425788.119834556477144, 520068.826741253724322 ], [ 425811.992889171640854, 520051.115456029714551 ], [ 425822.211329363635741, 520030.015689125284553 ], [ 425831.7256702556042, 519986.465359107707627 ], [ 425842.611109605117235, 519949.037004148878623 ], [ 425860.986581937642768, 519892.552291986183263 ], [ 425872.572122697718441, 519873.491980073566083 ], [ 425905.987603317946196, 519841.484669054159895 ], [ 425963.965514075476676, 519798.568724207347259 ], [ 426003.532153511827346, 519774.719420541950967 ], [ 426066.299318636301905, 519743.364586102834437 ], [ 426119.520164740446489, 519722.22373019362567 ], [ 426152.960465681622736, 519716.068821467924863 ], [ 426186.408672056801151, 519718.078045807138551 ], [ 426222.588975001184735, 519722.125555468141101 ], [ 426259.45456988888327, 519728.893769630405586 ], [ 426289.490519192768261, 519731.586601476883516 ], [ 426356.381038893130608, 519729.481977074465249 ], [ 426444.4151924244361, 519710.349420682468917 ], [ 426511.286915449483786, 519688.515649265376851 ], [ 426588.392804670613259, 519661.90979112352943 ], [ 426666.855541736003943, 519626.458278131380212 ], [ 426707.105746251880191, 519603.289188762020785 ], [ 426753.477770397206768, 519557.663575783546548 ], [ 426794.490016554715112, 519532.122684017522261 ], [ 426826.009457148320507, 519525.808710775861982 ], [ 426888.005482314212713, 519521.560683499381412 ], [ 426926.887788516585715, 519522.571451585972682 ], [ 426960.529662452172488, 519538.250610148534179 ], [ 427015.203237566282041, 519569.620411509706173 ], [ 427059.773312997771427, 519587.284691643901169 ], [ 427093.818012620089576, 519588.042068579874467 ], [ 427122.31928471813444, 519587.225817361904774 ], [ 427154.781389414798468, 519588.773781691619661 ], [ 427175.372091521858238, 519595.067162524035666 ], [ 427186.464236893691123, 519603.737092618597671 ], [ 427198.358647569722962, 519623.453535703709349 ], [ 427207.101573332212865, 519659.744619584234897 ], [ 427218.200463974615559, 519675.516376426676288 ], [ 427235.635453411261551, 519693.649462440167554 ], [ 427259.404027708224021, 519711.776705066789873 ], [ 427264.164602278731763, 519722.819766545260791 ], [ 427272.110722249373794, 519753.587625927582849 ], [ 427277.676501412002835, 519778.834105674584862 ], [ 427284.022094851650763, 519791.453859130502678 ], [ 427299.872056372580118, 519808.010373369674198 ], [ 427323.637576852517668, 519822.981137083203066 ], [ 427341.856807902106084, 519833.222466373583302 ], [ 427360.883892356301658, 519860.823520871810615 ], [ 427364.856524560367689, 519875.812948693637736 ], [ 427365.66521131247282, 519893.961697993625421 ], [ 427369.640052431030199, 519911.318702412070706 ], [ 427379.947945220163092, 519927.880243902909569 ], [ 427399.765368676336948, 519953.902334021637216 ], [ 427403.734307885926683, 519964.946340252819937 ], [ 427408.510450891568325, 519992.560350597079378 ], [ 427410.13010991900228, 520031.225335552939214 ], [ 427421.251083810231648, 520070.670495719416067 ], [ 427431.564120629976969, 520092.756129148765467 ], [ 427451.377744194527622, 520114.832516679365654 ], [ 427477.520541231380776, 520132.168422844435554 ], [ 427494.947946342290379, 520142.410520407836884 ], [ 427510.800002843956463, 520161.334661514789332 ], [ 427528.24129893159261, 520186.569655689061619 ], [ 427542.504653226060327, 520199.971079625946004 ], [ 427563.10621889506001, 520218.101632924342994 ], [ 427582.125073128554504, 520237.022373720537871 ], [ 427599.555326387577225, 520250.420891785761341 ], [ 427621.727733576495666, 520255.134852381190285 ], [ 427647.851408669201192, 520251.953907955379691 ], [ 427670.808822842955124, 520249.565302472910844 ], [ 427693.774436098872684, 520255.85658968554344 ], [ 427712.788048689602874, 520269.253760658553801 ], [ 427729.436151853704359, 520292.911567729897797 ], [ 427756.382367845973931, 520322.872627682401799 ], [ 427773.811160208599176, 520334.693012792733498 ], [ 427802.321603255579248, 520344.136025441403035 ], [ 427861.708119893504772, 520352.760520670854021 ], [ 427892.594489457027521, 520362.990284357976634 ], [ 427938.529878708010074, 520380.307869229698554 ], [ 428002.671007369994186, 520393.663082403130829 ], [ 428034.345448025327642, 520399.946792450442445 ], [ 428056.512556959060021, 520399.13718428183347 ], [ 428078.67829913739115, 520396.748919869191013 ], [ 428103.211869374266826, 520386.467887040635105 ], [ 428141.201559941866435, 520373.017662015859969 ], [ 428157.822479825466871, 520367.478374656115193 ], [ 428170.489813469641376, 520367.466626637266017 ], [ 428187.91329445282463, 520373.763440733717289 ], [ 428202.176586415793281, 520387.165127397689503 ], [ 428209.315068201860413, 520401.362495287670754 ], [ 428217.260081045678817, 520431.341214848624077 ], [ 428222.85249180207029, 520485.784715577610768 ], [ 428226.069069677498192, 520539.441272678785026 ], [ 428234.009653590910602, 520564.685127411794383 ], [ 428252.235779435955919, 520582.817970971285831 ], [ 428276.783875397581141, 520588.318836087128147 ], [ 428297.363986836455297, 520583.565157716278918 ], [ 428309.234561140125152, 520578.030246986192651 ], [ 428320.301554223347921, 520559.870492638961878 ], [ 428332.948528362205252, 520537.763635316805448 ], [ 428348.763681242358871, 520517.232323908945546 ], [ 428378.038744040648453, 520497.477672323235311 ], [ 428409.691000410355628, 520480.087620894832071 ], [ 428456.390308038098738, 520467.418718935921788 ], [ 428489.632646266138181, 520457.129769913386554 ], [ 428514.960109987878241, 520449.215084587340243 ], [ 428557.700162703345995, 520435.760875369713176 ], [ 428574.314405060722493, 520423.119806465692818 ], [ 428594.880675017891917, 520403.373121555603575 ], [ 428613.869370264816098, 520389.940732921822928 ], [ 428635.240407238248736, 520384.397564057493582 ], [ 428673.233150180545636, 520374.103822282282636 ], [ 428693.01936456176918, 520366.98364415083779 ], [ 428708.838307251338847, 520350.397732693818398 ], [ 428723.85174247570103, 520318.819556192087475 ], [ 428738.847912483557593, 520268.30272784922272 ], [ 428748.325851916393731, 520243.831919743097387 ], [ 428759.399026335391682, 520231.985052034549881 ], [ 428772.850035025097895, 520223.292221556825098 ], [ 428795.017332444607746, 520222.482788395544048 ], [ 428812.44077721593203, 520228.780009445152245 ], [ 428828.276448594755493, 520230.343500112183392 ], [ 428843.311021984904073, 520221.649309228523634 ], [ 428854.378410306177102, 520203.48988079233095 ], [ 428857.533551286091097, 520190.861159357416909 ], [ 428858.310755483689718, 520175.078297664585989 ], [ 428859.091640728409402, 520163.240794342767913 ], [ 428865.416645139164757, 520153.765583082451485 ], [ 428882.040469006751664, 520151.383079991617706 ], [ 428900.259337572089862, 520161.624827777734026 ], [ 428923.246497184853069, 520191.589902209409047 ], [ 428952.558665551187005, 520212.079670487728436 ], [ 428995.322696034912951, 520224.666236472781748 ], [ 429021.449111045221798, 520224.64219098421745 ], [ 429051.528494445839897, 520218.30194278433919 ], [ 429084.770290583604947, 520207.223881784884725 ], [ 429108.502882367465645, 520186.685269317415077 ], [ 429116.41052199807018, 520176.419754995731637 ], [ 429121.148591320205014, 520163.000524885312188 ], [ 429120.340222460101359, 520144.851699955645017 ], [ 429112.404997831792571, 520125.131171414104756 ], [ 429094.957073384081014, 520092.004839561821427 ], [ 429089.394827300100587, 520069.914730345015414 ], [ 429087.794817871996202, 520051.766738603764679 ], [ 429092.128882411750965, 520029.536190690880176 ], [ 429108.597618409257848, 520001.902347729774192 ], [ 429115.838735357741825, 519984.140872697986197 ], [ 429125.702085894707125, 519947.964165580575354 ], [ 429135.570959295728244, 519917.706250824034214 ], [ 429144.138149344013073, 519907.176771000318695 ], [ 429155.344476213154849, 519896.645156697719358 ], [ 429167.213686165283434, 519889.40078706969507 ], [ 429184.363232115108985, 519884.781891934166197 ], [ 429202.839574723970145, 519888.05291033902904 ], [ 429223.956285749154631, 519892.637217778363265 ], [ 429240.461708573275246, 519905.115917915769387 ], [ 429255.651198085630313, 519921.541903337812982 ], [ 429272.834464091691189, 519953.748135493369773 ], [ 429290.003281560784671, 519970.172403585922439 ], [ 429307.827095489017665, 519981.335076476272661 ], [ 429326.960187232587487, 519981.317641762667336 ], [ 429346.089080822886899, 519976.697026920039207 ], [ 429363.235158848692663, 519968.132866493891925 ], [ 429383.679890890896786, 519959.565263387106825 ], [ 429403.46921430202201, 519955.601748369750567 ], [ 429422.603543922305107, 519956.899834230600391 ], [ 429454.281679006235208, 519967.392130853433628 ], [ 429471.442011857114267, 519974.61014962597983 ], [ 429482.00474057928659, 519981.833751012920402 ], [ 429487.953393942443654, 519993.664993454702199 ], [ 429486.642886401328724, 520003.530088961240835 ], [ 429491.267717531067319, 520010.759464223461691 ], [ 429506.445235569030046, 520014.03344064403791 ], [ 429536.799659726966638, 520019.924282643303741 ], [ 429553.301516377308872, 520028.45784233714221 ], [ 429573.77085145568708, 520046.851739985402673 ], [ 429586.973240348801482, 520054.730930388381239 ], [ 429606.764330038568005, 520052.740258179837838 ], [ 429618.632762016088236, 520044.838167645037174 ], [ 429628.51785989216296, 520032.335412508400623 ], [ 429632.464444812620059, 520019.179615538741928 ], [ 429632.434631023090333, 519986.300491536210757 ], [ 429633.737967068562284, 519968.544038358144462 ], [ 429641.64434138382785, 519956.700615090201609 ], [ 429649.557376322802156, 519952.089929428650066 ], [ 429666.050129642651882, 519950.759798679442611 ], [ 429680.569794106006157, 519956.007519402657636 ], [ 429697.071566860773601, 519964.541079694987275 ], [ 429713.566167256212793, 519965.18388807028532 ], [ 429726.75719689426478, 519960.568735002249014 ], [ 429747.200325288693421, 519950.028575377422385 ], [ 429763.033989231626038, 519949.356964860693552 ], [ 429778.872986258473247, 519954.603071508579887 ], [ 429793.394917653407902, 519962.481047685432713 ], [ 429801.325174955127295, 519976.941037326294463 ], [ 429811.242453345854301, 519999.947674691968132 ], [ 429817.848371404106729, 520009.147978174150921 ], [ 429834.349540318828076, 520017.023836506123189 ], [ 429856.785032460698858, 520020.949044931971002 ], [ 429872.619321491452865, 520020.934653769014403 ], [ 429891.087232455320191, 520014.999609823222272 ], [ 429916.149281520396471, 520005.113103783049155 ], [ 429939.897037081362214, 520001.146232942235656 ], [ 429963.645510655245744, 519997.836675230879337 ], [ 429996.632304554572329, 519996.491744566941634 ], [ 430028.296707883710042, 519991.859960356960073 ], [ 430048.743356727994978, 519985.265769996738527 ], [ 430074.462681544944644, 519972.748186496610288 ], [ 430094.241320485190954, 519956.948202788771596 ], [ 430108.080914132646285, 519939.838661486108322 ], [ 430118.628717731975485, 519930.622929779870901 ], [ 430140.392642853083089, 519921.396955836331472 ], [ 430158.865294330520555, 519920.722607825358864 ], [ 430171.40433122770628, 519924.656735912081786 ], [ 430183.285913582192734, 519931.221930424973834 ], [ 430194.509625873644836, 519939.760777719027828 ], [ 430206.391824735386763, 519946.983188873797189 ], [ 430228.161504970281385, 519944.333557790203486 ], [ 430242.672812852426432, 519940.374688555777539 ], [ 430258.495144475426059, 519927.208695145323873 ], [ 430271.018194473930635, 519913.388026885339059 ], [ 430283.550163210311439, 519909.431378971901722 ], [ 430299.384388832666446, 519909.417177520925179 ], [ 430309.948197166901082, 519917.956137096567545 ], [ 430323.818047858309001, 519934.383435823721811 ], [ 430327.130964478710666, 519950.162553488044068 ], [ 430333.749920408357866, 519973.830011044279672 ], [ 430348.278253836964723, 519988.941277886799071 ], [ 430367.414840326702688, 519992.869633559253998 ], [ 430383.255630909523461, 520000.088806509913411 ], [ 430399.102778905653395, 520014.541647766134702 ], [ 430416.928241280722432, 520027.677337793575134 ], [ 430442.665860073931981, 520035.54541142762173 ], [ 430480.937924729718361, 520042.086906527576502 ], [ 430505.347211187123321, 520040.092366523167584 ], [ 430536.350661245523952, 520034.146052757801954 ], [ 430618.799474375671707, 520010.399282280239277 ], [ 430678.82522712222999, 519996.536109859705903 ], [ 430742.145259491051547, 519977.409256268467288 ], [ 430767.201892543176655, 519961.60484839649871 ], [ 430777.082531056948937, 519943.841177448863164 ], [ 430782.344661784125492, 519926.081362625176553 ], [ 430779.032963122823276, 519911.617639147094451 ], [ 430769.122482581413351, 519895.844067906320561 ], [ 430755.91496750555234, 519882.046790158958174 ], [ 430742.696786832588259, 519856.412617989175487 ], [ 430738.727013982250355, 519843.921856973087415 ], [ 430740.031972210854292, 519827.480828797386494 ], [ 430751.232641066424549, 519810.3737519410206 ], [ 430767.720157710835338, 519803.12545070995111 ], [ 430784.212395172566175, 519801.138080983073451 ], [ 430799.391053694183938, 519805.727695404435508 ], [ 430814.574332916759886, 519815.578144061437342 ], [ 430819.864871810306795, 519829.382326263643336 ], [ 430832.405600253609009, 519835.28951202519238 ], [ 430843.620949428062886, 519834.621947701380122 ], [ 430860.104885441658553, 519823.42824336636113 ], [ 430880.541151613229886, 519804.997398598003201 ], [ 430905.597373233700637, 519788.535438333987258 ], [ 430929.343606530339457, 519782.596165842493065 ], [ 430962.330573220155202, 519781.251388223085087 ], [ 430978.824573438963853, 519781.236766224901658 ], [ 430990.693895474309102, 519773.993015587271657 ], [ 431004.537646590615623, 519761.486297800089233 ], [ 431030.238599840784445, 519727.926656791649293 ], [ 431036.823840609577019, 519714.111398011271376 ], [ 431040.115122956340201, 519705.559524942422286 ], [ 431041.417707874323241, 519686.488498153514229 ], [ 431044.701802464202046, 519670.045813227305189 ], [ 431051.286624059081078, 519655.572834262333345 ], [ 431056.561160479555838, 519651.622853807755746 ], [ 431067.774776544421911, 519648.982324542244896 ], [ 431086.252244429953862, 519653.569086487346794 ], [ 431124.534220917557832, 519671.289926185738295 ], [ 431150.279655885999091, 519687.706712818297092 ], [ 431168.768739411607385, 519705.44524035527138 ], [ 431187.257823674823157, 519723.18357161449967 ], [ 431206.404363162990194, 519738.291224878106732 ], [ 431227.520195838471409, 519742.217944815638475 ], [ 431244.014835234964266, 519742.860937498160638 ], [ 431255.884073627938051, 519735.616973569791298 ], [ 431261.815042608475778, 519727.720972358365543 ], [ 431259.828093491611071, 519719.173661462846212 ], [ 431252.563206178369001, 519710.631524026452098 ], [ 431245.95855149475392, 519702.746296102704946 ], [ 431243.311982799263205, 519694.20009553222917 ], [ 431247.264630605874117, 519687.620657388994005 ], [ 431258.477126742480323, 519683.665390744514298 ], [ 431280.24744402198121, 519681.673430474067573 ], [ 431302.681690535217058, 519684.283590245177038 ], [ 431320.501726098242216, 519691.501244936080184 ], [ 431337.665438245108817, 519702.665021631051786 ], [ 431358.786624746862799, 519712.510208441526629 ], [ 431384.520181984233204, 519715.775545691023581 ], [ 431411.56978685973445, 519715.093852673016954 ], [ 431431.357377264648676, 519709.158208252163604 ], [ 431453.118569477694109, 519696.644645434163976 ], [ 431467.618674404569902, 519680.192066205316223 ], [ 431478.813718541408889, 519656.508921215194277 ], [ 431489.357160314510111, 519642.03295057406649 ], [ 431501.886843861080706, 519635.446080211142544 ], [ 431514.416528027912136, 519628.859208938025404 ], [ 431530.248497492983006, 519626.21480519202305 ], [ 431542.125354391057044, 519627.51927375246305 ], [ 431559.944183158688247, 519633.422193038510159 ], [ 431578.431467289919965, 519649.187896201270632 ], [ 431591.63598211860517, 519659.697321062383708 ], [ 431609.454814711934887, 519665.600245094974525 ], [ 431651.024498601385858, 519670.823916428140365 ], [ 431682.033169171889313, 519670.796579103800468 ], [ 431703.803021211060695, 519668.147092692845035 ], [ 431735.464632310147863, 519660.228305487951729 ], [ 431768.448149606818333, 519654.938377716520336 ], [ 431792.859349974838551, 519654.91693148878403 ], [ 431817.274562629288994, 519659.498627350665629 ], [ 431843.675406989874318, 519671.312020975281484 ], [ 431865.456789165269583, 519681.814141999115236 ], [ 431882.628569443593733, 519702.184238557179924 ], [ 431887.927992662531324, 519726.510426111984998 ], [ 431896.517480449168943, 519740.969960680697113 ], [ 431908.401342460943852, 519750.165886980015785 ], [ 431916.992160298512317, 519765.940366297145374 ], [ 431927.57363881560741, 519794.864534479798749 ], [ 431935.513358735712245, 519820.503637492249254 ], [ 431952.024596108240075, 519840.21664240420796 ], [ 431969.188773514819331, 519852.038192027132027 ], [ 431979.757714604667854, 519866.495813826390076 ], [ 431996.921278265537694, 519877.659746668185107 ], [ 432003.52749687852338, 519887.517875814810395 ], [ 432010.794050822383724, 519898.032618434517644 ], [ 432013.441749586432707, 519907.894399802666157 ], [ 432012.134417871711776, 519921.704858506273013 ], [ 432014.780273076146841, 519929.593377155135386 ], [ 432020.720409727073275, 519932.218486011435743 ], [ 432032.596166681440081, 519932.208035688905511 ], [ 432059.643408348609228, 519928.896786380500998 ], [ 432088.671559997368604, 519927.555874909856357 ], [ 432114.405730479746126, 519931.47917632991448 ], [ 432131.566330915607978, 519939.354916142066941 ], [ 432145.432131675304845, 519951.837149179715198 ], [ 432156.003947864868678, 519969.582598560606129 ], [ 432158.003927504760213, 519993.254149618849624 ], [ 432155.386691486346535, 520018.244600787293166 ], [ 432142.887601813592482, 520059.683508627989795 ], [ 432142.900926894799341, 520074.807803512492683 ], [ 432151.486915557819884, 520085.321645695250481 ], [ 432161.387931983510498, 520090.573801005084533 ], [ 432175.24224539991701, 520089.904015539563261 ], [ 432186.446610981132835, 520076.742449692974333 ], [ 432205.566378793562762, 520061.601422218722291 ], [ 432222.058549021661747, 520059.614259018038865 ], [ 432235.257759075320791, 520064.205853615305386 ], [ 432246.483349558431655, 520075.374891072220635 ], [ 432245.180615193676203, 520094.446241208643187 ], [ 432239.920383538643364, 520114.836080902023241 ], [ 432236.644023556960747, 520140.484471461153589 ], [ 432240.622016111796256, 520162.839168377278838 ], [ 432250.539120435947552, 520186.50334362918511 ], [ 432272.325544376741163, 520202.923947 ], [ 432298.068039922800381, 520216.710821465763729 ], [ 432329.082456785195973, 520223.25949809292797 ], [ 432354.152026273019146, 520221.922574908880051 ], [ 432371.956176638079342, 520211.385919200896751 ], [ 432385.804257053649053, 520203.482596168236341 ], [ 432399.001021458592732, 520205.443715231551323 ], [ 432418.798979584302288, 520211.344995976251084 ], [ 432428.046436357952189, 520223.830720934260171 ], [ 432430.698632651299704, 520238.952909990563057 ], [ 432433.353694980381988, 520257.363012254878413 ], [ 432447.220110068912618, 520270.503012876200955 ], [ 432462.399623460951261, 520276.407652184192557 ], [ 432476.914195123186801, 520276.394994907721411 ], [ 432494.065600119298324, 520273.749818191980012 ], [ 432513.848619109252468, 520262.553615559067111 ], [ 432542.201460009149741, 520243.458840785606299 ], [ 432560.662584680598229, 520229.633454174268991 ], [ 432577.15530245663831, 520228.303925078653265 ], [ 432593.65211542515317, 520231.577857666066848 ], [ 432604.219023816287518, 520244.062380945077166 ], [ 432601.593759095529094, 520259.846765797236003 ], [ 432591.718112495378591, 520283.528506469039712 ], [ 432597.015026810229756, 520305.224213121051434 ], [ 432619.468988547858316, 520330.850479264976457 ], [ 432649.836535060836468, 520352.524629150982946 ], [ 432670.303247380128596, 520368.94660118711181 ], [ 432681.54020614316687, 520393.267252952733543 ], [ 432683.541775583405979, 520418.911547446099576 ], [ 432677.620034982508514, 520437.329063469020184 ], [ 432667.742109855520539, 520458.380610924912617 ], [ 432659.838136696373112, 520473.511726294702385 ], [ 432654.570487077347934, 520485.352898377459496 ], [ 432658.54384654405294, 520502.446867366146762 ], [ 432673.073872052365914, 520520.189060393022373 ], [ 432687.598685199511237, 520532.012944826274179 ], [ 432703.451116261596326, 520553.0420484226197 ], [ 432721.941923633799888, 520573.411207639263012 ], [ 432737.120224800659344, 520578.001033365726471 ], [ 432750.31466182594886, 520577.331788349663839 ], [ 432760.861623779172078, 520566.801511477213353 ], [ 432766.125394953822251, 520550.357268806721549 ], [ 432764.122718333208468, 520523.397713755315635 ], [ 432767.408243326412048, 520508.270335689128842 ], [ 432771.361665066331625, 520502.348783854627982 ], [ 432785.876774811302312, 520502.99346830137074 ], [ 432796.439173924329225, 520510.217929501552135 ], [ 432806.997486295877025, 520512.839124057791196 ], [ 432816.231141354539432, 520509.543116085929796 ], [ 432820.841424754995387, 520500.332836606830824 ], [ 432814.884803977329284, 520478.637803950114176 ], [ 432809.594243914005347, 520464.175429437833373 ], [ 432812.87986415339401, 520449.048246707592625 ], [ 432821.449293860350735, 520440.491950692899991 ], [ 432833.322551247023512, 520437.851536356902216 ], [ 432847.837765513977502, 520438.496416028297972 ], [ 432859.723092582076788, 520449.66540725104278 ], [ 432866.989448910695501, 520460.180121299345046 ], [ 432886.130291014327668, 520469.369771555706393 ], [ 432911.200864760845434, 520469.34802584873978 ], [ 432922.410517320211511, 520462.104748903715517 ], [ 432929.655190951889381, 520447.631641751679126 ], [ 432936.897099827998318, 520429.870511912507936 ], [ 432952.061813559033908, 520418.678544921451248 ], [ 432965.916601051285397, 520418.666505240194965 ], [ 432973.176721350755543, 520421.948054607142694 ], [ 432981.105256805138197, 520435.093065695429686 ], [ 432985.743878870329354, 520458.762402536172885 ], [ 432993.67353936372092, 520473.221965613542125 ], [ 433009.514451060385909, 520481.099606146861333 ], [ 433026.666321930824779, 520479.112065005290788 ], [ 433037.212683017016388, 520467.923641859146301 ], [ 433040.501170747855213, 520456.084563889307901 ], [ 433039.169243463664316, 520441.618633137142751 ], [ 433033.217724288115278, 520425.841798843175638 ], [ 433029.245574271830264, 520410.063245861558244 ], [ 433033.190404620603658, 520394.277812558226287 ], [ 433041.758203394827433, 520383.748629606503528 ], [ 433056.269954872084782, 520380.448556352115702 ], [ 433075.407344018341973, 520385.692358514876105 ], [ 433100.495645043905824, 520406.055874878133181 ], [ 433114.369680806528777, 520428.402083883527666 ], [ 433119.005032389657572, 520448.125288499344606 ], [ 433113.756602728390135, 520482.324341139697935 ], [ 433115.107342104893178, 520518.490403724543285 ], [ 433124.357473850948736, 520534.264816336857621 ], [ 433136.898039213847369, 520540.172024214698467 ], [ 433154.050435690325685, 520538.841912289208267 ], [ 433169.21456100983778, 520526.992615442431998 ], [ 433181.072405567741953, 520506.596919920528308 ], [ 433181.057678035227582, 520489.499763582076412 ], [ 433179.724014095787425, 520473.061145533050876 ], [ 433184.330415341653861, 520459.247870072373189 ], [ 433193.556722169218119, 520447.403423642273992 ], [ 433204.766290978062898, 520440.160233693488408 ], [ 433227.189318663149606, 520430.277328529162332 ], [ 433239.713220709760208, 520417.114993455063086 ], [ 433248.934612064855173, 520399.351912643294781 ], [ 433253.533540368778631, 520376.989998267905321 ], [ 433260.770950035774149, 520353.968229786260054 ], [ 433273.954772907076403, 520340.805380554229487 ], [ 433296.377904751803726, 520330.922059890057426 ], [ 433333.317930720164441, 520323.65678565291455 ], [ 433370.92219430860132, 520321.651708593242802 ], [ 433407.211008403624874, 520324.250927311310079 ], [ 433450.104138379043434, 520334.735291657561902 ], [ 433483.103566472767852, 520348.516295726818498 ], [ 433509.508412840368692, 520365.590905936260242 ], [ 433537.894176098750904, 520384.63668010866968 ], [ 433555.711038248729892, 520388.566756765649188 ], [ 433573.524936354486272, 520389.209200342942495 ], [ 433591.991806274047121, 520381.959816732036415 ], [ 433601.220993311202619, 520373.403473546553869 ], [ 433605.167159131146036, 520358.93304394360166 ], [ 433602.519660610763822, 520349.071370164980181 ], [ 433584.692755902884528, 520333.304716300044674 ], [ 433571.489249491540249, 520323.452056384878233 ], [ 433566.20152094156947, 520312.27765954984352 ], [ 433567.509292238275521, 520298.467286536935717 ], [ 433575.412163435597904, 520282.020834702532738 ], [ 433585.959868530975655, 520272.148319805099163 ], [ 433603.106670662236866, 520264.242411577957682 ], [ 433637.404884843330365, 520253.691905582149047 ], [ 433653.2231226953445, 520235.265876803838182 ], [ 433661.121069930726662, 520212.900872401776724 ], [ 433669.685603314253967, 520198.426882376894355 ], [ 433678.911403963109478, 520185.924764222814701 ], [ 433698.035946828546003, 520176.044540280418005 ], [ 433727.715278480027337, 520164.840237953758333 ], [ 433760.038229118974414, 520158.894420192518737 ], [ 433802.251940666232258, 520146.36401140911039 ], [ 433831.269405110622756, 520132.529995478340425 ], [ 433853.02774086833233, 520116.729277216596529 ], [ 433870.166249362227973, 520098.960027062625159 ], [ 433887.555391912348568, 520065.539889773295727 ], [ 433901.784931273607071, 520040.802451673254836 ], [ 433916.017216923413798, 520019.221523595624603 ], [ 433931.826331900665537, 519989.748197761655319 ], [ 433940.256431476853322, 519972.380734422069509 ], [ 433950.804018472786993, 519962.376456241996493 ], [ 433968.2166577616008, 519956.574869485106319 ], [ 433989.327150869125035, 519954.452592518704478 ], [ 434003.58181727048941, 519959.175174562376924 ], [ 434013.616430331254378, 519966.531563994416501 ], [ 434026.296334489714354, 519981.250557715480682 ], [ 434039.511595709482208, 520004.912411746685393 ], [ 434054.304962734691799, 520022.259977725509088 ], [ 434070.674962649354711, 520031.715345782518853 ], [ 434085.983471634332091, 520034.332652046112344 ], [ 434099.704653332009912, 520032.216692987421993 ], [ 434111.308839509496465, 520023.263642431702465 ], [ 434116.576553528313525, 520011.159811171819456 ], [ 434117.620085585163906, 519996.955260347865988 ], [ 434115.486007540370338, 519970.127460182295181 ], [ 434100.674371244211216, 519931.21087712579174 ], [ 434094.844785813824274, 519903.334582300158218 ], [ 434094.301269714429509, 519884.922570785915013 ], [ 434097.981150869454723, 519867.558869787026197 ], [ 434103.776756034349091, 519855.454548267647624 ], [ 434114.850380164629314, 519843.345455932663754 ], [ 434127.511928836815059, 519836.496129856968764 ], [ 434138.066792512196116, 519834.908580926537979 ], [ 434151.791511114395689, 519837.001429706055205 ], [ 434171.322545977251139, 519839.61512474383926 ], [ 434182.93291494413279, 519838.027200939075556 ], [ 434205.093239868874662, 519829.06499302474549 ], [ 434224.08792939898558, 519821.683914390567224 ], [ 434238.865215042198543, 519820.093266732583288 ], [ 434249.424404118908569, 519823.76694764115382 ], [ 434267.378230856964365, 519833.747049850062467 ], [ 434302.769385265302844, 519866.85903293848969 ], [ 434325.479823846602812, 519884.200009014864918 ], [ 434342.374906376528088, 519890.498670320375822 ], [ 434362.434547815064434, 519894.16389383020578 ], [ 434392.522640799812507, 519897.821067977463827 ], [ 434432.111581270233728, 519901.996083611564245 ], [ 434455.340899287140928, 519908.815412460535299 ], [ 434486.487165167345665, 519915.62774066941347 ], [ 434525.022286316438112, 519921.908051951730158 ], [ 434559.864460180921014, 519930.295789592841174 ], [ 434584.679854165529832, 519940.269991898327135 ], [ 434611.610389317735098, 519954.977088462503161 ], [ 434629.569444132444914, 519971.270175112702418 ], [ 434651.229014625423588, 519994.398716563766357 ], [ 434673.420210717304144, 520022.26181656436529 ], [ 434691.37760023213923, 520036.450497682963032 ], [ 434720.948336238856427, 520052.733498387155123 ], [ 434754.739248161728028, 520066.382789589522872 ], [ 434797.50783458200749, 520085.811471404216718 ], [ 434836.578172309556976, 520101.034326643683016 ], [ 434855.580881262139883, 520103.122640340356156 ], [ 434874.05353224708233, 520102.58091542928014 ], [ 434891.996223876951262, 520099.409551168617327 ], [ 434909.408956997212954, 520093.608147039369214 ], [ 434925.76813951873919, 520090.43803997093346 ], [ 434951.100488199212123, 520087.786270294396672 ], [ 434975.909548087336589, 520090.39593975484604 ], [ 434997.028784633264877, 520098.795373463712167 ], [ 435019.204414832463954, 520108.246047236549202 ], [ 435048.246801571804099, 520124.003668900462799 ], [ 435077.819251882145181, 520142.391237726144027 ], [ 435104.755819654208608, 520164.463283400575165 ], [ 435145.42608968866989, 520199.675643653492443 ], [ 435188.741558916168287, 520242.250873545592185 ], [ 435219.376583180797752, 520269.054700630251318 ], [ 435252.11920393811306, 520291.648144416685682 ], [ 435275.355362989124842, 520306.884851875249296 ], [ 435288.560870459827129, 520319.499458981561475 ], [ 435299.130486515292432, 520335.798440331476741 ], [ 435312.863899141491856, 520348.412565921316855 ], [ 435335.570003678032663, 520361.019239234505221 ], [ 435355.630815347074531, 520366.263352543814108 ], [ 435373.048688111361116, 520366.774636450805701 ], [ 435393.102946669794619, 520364.127553367987275 ], [ 435425.285182417545002, 520347.79292893956881 ], [ 435529.216603139939252, 520292.995145594526548 ], [ 435594.636436119675636, 520259.798662948422134 ], [ 435637.369633098191116, 520237.142297378974035 ], [ 435664.808699226588942, 520229.228219689801335 ], [ 435688.028553065261804, 520225.000479281123262 ], [ 435710.195733465952799, 520224.456061573699117 ], [ 435724.978134461096488, 520229.178322443156503 ], [ 435738.7093320445274, 520239.162231393449474 ], [ 435753.501824903301895, 520255.983968831482343 ], [ 435760.37457182520302, 520269.65625012194505 ], [ 435777.275936388468836, 520283.846010170411319 ], [ 435793.116599663102534, 520291.723652440239675 ], [ 435818.453668223577552, 520294.859382193768397 ], [ 435837.978305638651364, 520290.108238731045276 ], [ 435853.805850246688351, 520282.204347523045726 ], [ 435882.288030674273614, 520259.033664932183456 ], [ 435900.750594688288402, 520246.393167283094954 ], [ 435921.856606285145972, 520239.010418733989354 ], [ 435948.768888717284426, 520232.149331081425771 ], [ 435982.012998552352656, 520223.178676768322475 ], [ 435998.900967748719268, 520221.060692699626088 ], [ 436022.649844715429936, 520218.410582125303335 ], [ 436047.979109878244344, 520212.07685383601347 ], [ 436128.705435617244802, 520178.868049883050844 ], [ 436178.827174158301204, 520155.153674453380518 ], [ 436221.563140035723336, 520135.654364351299591 ], [ 436246.885960961342789, 520121.429782496765256 ], [ 436261.652722512895707, 520107.213822833669838 ], [ 436272.724436775257345, 520092.474556394328829 ], [ 436275.877852764446288, 520076.164156623068266 ], [ 436276.383599042193964, 520049.334207066742238 ], [ 436274.777225764992181, 520021.453885305963922 ], [ 436280.037944189214613, 520000.406955978251062 ], [ 436293.212740709539503, 519975.67116147611523 ], [ 436306.395678459724877, 519960.930337530211546 ], [ 436324.859639693866484, 519949.868007938202936 ], [ 436352.824645170127042, 519939.323423776077107 ], [ 436391.344054750050418, 519926.666262158774771 ], [ 436416.14427564345533, 519918.755138461070601 ], [ 436435.663963671133388, 519907.69152464880608 ], [ 436452.536462834395934, 519886.635060862114187 ], [ 436477.852915153722279, 519864.51988136197906 ], [ 436496.315612698323093, 519851.87900261633331 ], [ 436519.001373657607473, 519839.760734938783571 ], [ 436531.665149048028979, 519835.541866127110552 ], [ 436551.190932286088355, 519831.843674370204099 ], [ 436570.720939577906393, 519833.405781013716478 ], [ 436614.006969014648348, 519840.735279159096535 ], [ 436635.650772108754609, 519845.451999622455332 ], [ 436646.207739642995875, 519846.495478532568086 ], [ 436654.650034019141458, 519843.332324361253995 ], [ 436669.41779090068303, 519830.168430989200715 ], [ 436680.48921324883122, 519814.903704425087199 ], [ 436692.094435767037794, 519807.003132743528113 ], [ 436711.617091010732111, 519799.62226202012971 ], [ 436758.587016597390175, 519793.797285560460296 ], [ 436829.307596835773438, 519787.427068961784244 ], [ 436875.752196276385803, 519784.758837223460432 ], [ 436909.531238125811797, 519784.20494217670057 ], [ 436975.507184082933236, 519784.677645805175416 ], [ 437028.812862428312656, 519781.477665475686081 ], [ 437094.785413795383647, 519777.741776799957734 ], [ 437129.089752473693807, 519774.031323066621553 ], [ 437167.613828597357497, 519767.161299099505413 ], [ 437204.028045831131749, 519761.871356865391135 ], [ 437253.634397927089594, 519752.887845882563852 ], [ 437299.636099795636255, 519738.929435994883534 ], [ 437334.190396034275182, 519717.365098428330384 ], [ 437360.090165682660881, 519681.450640250346623 ], [ 437390.311468311760109, 519645.532654457725585 ], [ 437452.231748632795643, 519619.639261477743275 ], [ 437525.677137318474706, 519595.17258285835851 ], [ 437587.602103054523468, 519575.022218472964596 ], [ 437655.277373463613912, 519540.510378384788055 ], [ 437715.750490108330268, 519506.003781938750762 ], [ 437776.2223318265751, 519470.061744175676722 ], [ 437828.074347445508465, 519462.841391418129206 ], [ 437856.885349451738875, 519464.253829793771729 ], [ 437887.123199532332364, 519471.97820527019212 ], [ 437909.298561865114607, 519488.849894661281724 ], [ 437925.809311528108083, 519509.87939276045654 ], [ 437942.325324350735173, 519537.484118256950751 ], [ 437955.534783995710313, 519555.228562583914027 ], [ 437976.659491078287829, 519570.993463258433621 ], [ 438010.979426393751055, 519586.74787145719165 ], [ 438046.612556630454492, 519594.610653368814383 ], [ 438082.908016230154317, 519605.760442765313201 ], [ 438127.12213182321284, 519618.876648999808822 ], [ 438149.567467886838131, 519635.956038683536462 ], [ 438172.016001474345103, 519656.980391931079794 ], [ 438186.545782894652802, 519676.038634209719021 ], [ 438198.446492659801152, 519707.592939046269748 ], [ 438218.259563222934958, 519733.222846792719793 ], [ 438248.626031060644891, 519755.556395516672637 ], [ 438269.749208475986961, 519769.348714280233253 ], [ 438296.14404151996132, 519775.246139591385145 ], [ 438316.59481141861761, 519773.257224703440443 ], [ 438354.857904283271637, 519769.938574455911294 ], [ 438378.609655773034319, 519770.577388311736286 ], [ 438420.833379767311271, 519769.886157302709762 ], [ 438449.868237753456924, 519777.09653910266934 ], [ 438464.392259815649595, 519788.921633571502753 ], [ 438480.238346216501668, 519804.03313321917085 ], [ 438502.684023538429756, 519821.770322472031694 ], [ 438519.18830765230814, 519834.908785907900892 ], [ 438530.406719726335723, 519838.187456271436531 ], [ 438544.920756134903058, 519837.518715025275014 ], [ 438569.3264099265798, 519830.923238697578199 ], [ 438624.064596545242239, 519803.919058886822313 ], [ 438675.494598760618828, 519765.081198895466514 ], [ 438701.209443752362859, 519745.333688299462665 ], [ 438721.647686699172482, 519727.56258216581773 ], [ 438736.146685907500796, 519707.823821187368594 ], [ 438744.708503730769735, 519688.747187936445698 ], [ 438747.996809187228791, 519675.593035809986759 ], [ 438752.610991555673536, 519670.328707388835028 ], [ 438759.870339575223625, 519672.95328337996034 ], [ 438777.695692067441996, 519688.063868458732031 ], [ 438832.48846733715618, 519730.105395302642137 ], [ 438869.455890315352008, 519757.037344489712268 ], [ 438895.194159795239102, 519766.880471032753121 ], [ 438919.607588134356774, 519770.149159628490452 ], [ 438947.977427243778948, 519770.784210217359941 ], [ 438981.623782779206522, 519769.442649237171281 ], [ 439015.264474431867711, 519760.867779702122789 ], [ 439041.645398660562932, 519749.010477837233339 ], [ 439083.853508664586116, 519728.592444662295748 ], [ 439111.545165021088906, 519705.555423696234357 ], [ 439137.917231826693751, 519682.519414511392824 ], [ 439166.272146953735501, 519664.084896860760637 ], [ 439188.696060236252379, 519654.203469064028468 ], [ 439215.082059785665479, 519648.922508783463854 ], [ 439242.128942437237129, 519644.955531923100352 ], [ 439272.479617036820855, 519647.561976106197108 ], [ 439310.750028345617466, 519653.450241974554956 ], [ 439333.848148144257721, 519661.980820404540282 ], [ 439361.56748978124233, 519674.453018331609201 ], [ 439384.669741154124495, 519688.244181956280954 ], [ 439406.444565700076055, 519692.172853426891379 ], [ 439438.114343983004801, 519694.12084124085959 ], [ 439469.779386987094767, 519690.150399121514056 ], [ 439502.097060803789645, 519676.973575040407013 ], [ 439526.494581017817836, 519659.857772996649146 ], [ 439546.270880072901491, 519638.799646123545244 ], [ 439565.381655717792455, 519610.50869428779697 ], [ 439580.531464955536649, 519578.93325497728074 ], [ 439589.097437470336445, 519565.117412907537073 ], [ 439605.579958934686147, 519550.637701281462796 ], [ 439622.06825952779036, 519543.391419388004579 ], [ 439645.816362220910378, 519539.427567484672181 ], [ 439690.675652706180699, 519534.13199554377934 ], [ 439737.507900793163572, 519520.944004815071821 ], [ 439766.527485841535963, 519508.427830957225524 ], [ 439810.712080670055002, 519484.062835438642651 ], [ 439831.154851628700271, 519471.553184551361483 ], [ 439851.589360027166549, 519448.521743900375441 ], [ 439870.70592021412449, 519427.464566584327258 ], [ 439882.57445215882035, 519418.249288399179932 ], [ 439899.721387077937834, 519409.687373787455726 ], [ 439914.228912122547626, 519400.470350489486009 ], [ 439931.370881350769196, 519385.332438493729569 ], [ 439959.059619361069053, 519358.350360061216634 ], [ 439978.845235094078816, 519349.128943974676076 ], [ 440003.247024336713366, 519337.273651271534618 ], [ 440033.586654324666597, 519325.413658043427859 ], [ 440061.948075453867204, 519314.870693266624585 ], [ 440087.669371606083587, 519303.014268703584094 ], [ 440111.409971554821823, 519289.186823481402826 ], [ 440128.554952006903477, 519277.994885188993067 ], [ 440149.652003911382053, 519258.251025812991429 ], [ 440164.154468151042238, 519242.457974838267546 ], [ 440190.5320006768452, 519225.998169347527437 ], [ 440202.405099565163255, 519222.70131555874832 ], [ 440222.194873705098871, 519218.740776471036952 ], [ 440248.582563113304786, 519215.432274515507743 ], [ 440267.716533098835498, 519216.732650059275329 ], [ 440291.46968716516858, 519219.344648409984075 ], [ 440320.50259385217214, 519223.925410761032254 ], [ 440352.837776430416852, 519233.106575354118831 ], [ 440400.35383802454453, 519250.82505131198559 ], [ 440420.149443572154269, 519254.755124989023898 ], [ 440443.242032235313673, 519256.052439447317738 ], [ 440464.351651010569185, 519252.748527195770293 ], [ 440488.094883464509621, 519242.20880418975139 ], [ 440545.472436997340992, 519214.546563862240873 ], [ 440579.766710733063519, 519197.423532198066823 ], [ 440621.971987584547605, 519172.403334199916571 ], [ 440657.579762649722397, 519147.387739927566145 ], [ 440688.572707344894297, 519126.979181820352096 ], [ 440716.931729198200628, 519113.148386393324472 ], [ 440747.924780064553488, 519092.73981605633162 ], [ 440798.035682200512383, 519052.589519929722883 ], [ 440829.021785433695186, 519022.974892746889964 ], [ 440856.049798079882748, 518994.020680562534835 ], [ 440887.035801642341539, 518964.406033670995384 ], [ 440906.156342393136583, 518947.951957219047472 ], [ 440927.919420237129088, 518936.099099324143026 ], [ 440947.049414672364946, 518932.139124944689684 ], [ 440969.485648174013477, 518938.040585709502921 ], [ 440987.967320602270775, 518949.205247562320437 ], [ 441029.544150277622975, 518964.955459453049116 ], [ 441062.539023580146022, 518974.136400411836803 ], [ 441095.527364068373572, 518974.76874727482209 ], [ 441141.046743931015953, 518969.473779763095081 ], [ 441207.013589730369858, 518957.58739167911699 ], [ 441253.184654577402398, 518941.770636660978198 ], [ 441299.342847056628671, 518908.856660205346998 ], [ 441319.117253337870352, 518884.511674565146677 ], [ 441337.569559125462547, 518856.879336181213148 ], [ 441354.04613402945688, 518833.851712248986587 ], [ 441373.164316702226643, 518814.109806726046372 ], [ 441394.92400738451397, 518797.654219174350146 ], [ 441419.983925653854385, 518783.168527887377422 ], [ 441445.706095350091346, 518771.970294158731122 ], [ 441472.751209416310303, 518765.374216143914964 ], [ 441518.928873754863162, 518758.106006302463356 ], [ 441565.106649458524771, 518750.837793012615293 ], [ 441604.029533991415519, 518746.863295843242668 ], [ 441654.173665796814021, 518750.113188173330855 ], [ 441689.147826139873359, 518759.292981933045667 ], [ 441735.344172456418164, 518777.012886643758975 ], [ 441784.184738242591266, 518801.30681076401379 ], [ 441833.694229150831234, 518838.094004176440649 ], [ 441872.637146772642154, 518861.08003257639939 ], [ 441936.007858255587053, 518906.405235242913477 ], [ 441971.654402963758912, 518932.681936383189168 ], [ 442010.593390872876626, 518950.407247017952614 ], [ 442058.106101438344922, 518964.180963525315747 ], [ 442097.036791664024349, 518970.727616241085343 ], [ 442129.366817027330399, 518973.333848667447455 ], [ 442151.798011896840762, 518972.659377299482003 ], [ 442185.44121971988352, 518966.716338238038588 ], [ 442226.994754609826487, 518951.560942914045881 ], [ 442257.332332847639918, 518936.414249448163901 ], [ 442295.57764289714396, 518908.767601352126803 ], [ 442331.186523181211669, 518884.410582590266131 ], [ 442366.134092259919271, 518858.081791750271805 ], [ 442387.896398928074632, 518844.914310568594374 ], [ 442407.682150208158419, 518835.693413976405282 ], [ 442426.148169314605184, 518825.815983118955046 ], [ 442439.995688288065139, 518815.94203890976496 ], [ 442457.793628044775687, 518794.886421910778154 ], [ 442472.299028001725674, 518782.381926517700776 ], [ 442495.381796033936553, 518770.528320095676463 ], [ 442519.78408129804302, 518758.673784705752041 ], [ 442548.15220347722061, 518756.680050796305295 ], [ 442597.635596531850751, 518758.61625537922373 ], [ 442635.243677481310442, 518761.218752914457582 ], [ 442668.896850931749213, 518768.427344777446706 ], [ 442729.011204912036192, 518791.463486592692789 ], [ 442779.696974170219619, 518813.520985269220546 ], [ 442812.164535286312457, 518823.754929812566843 ], [ 442844.630472241900861, 518831.622002399701159 ], [ 442858.881745579710696, 518832.400559708592482 ], [ 442894.370472120237537, 518823.957446813234128 ], [ 442957.033952340250835, 518805.499347783566918 ], [ 442990.01171452034032, 518791.666038297698833 ], [ 443026.947099185548723, 518776.514925159921404 ], [ 443042.772062851698138, 518764.009163247479592 ], [ 443052.65689438773552, 518748.22001307818573 ], [ 443068.479979477182496, 518733.084503903868608 ], [ 443078.366687652072869, 518719.92549279006198 ], [ 443079.016859674069565, 518706.773464681115001 ], [ 443076.366154542658478, 518690.993659051484428 ], [ 443040.696816399111412, 518633.153138699010015 ], [ 443001.060151623387355, 518563.479533974139486 ], [ 442989.162685978517402, 518533.896960804704577 ], [ 442985.846566007938236, 518510.226954689947888 ], [ 442986.491921504493803, 518490.498928584042005 ], [ 442994.381998706259765, 518453.668976123153698 ], [ 443000.292270016449038, 518416.183002497418784 ], [ 443011.461584262608085, 518352.389692432596348 ], [ 443018.691874197917059, 518315.56054342869902 ], [ 443026.593199243186973, 518293.854570489726029 ], [ 443039.105944470211398, 518262.939143663854338 ], [ 443056.900828524667304, 518237.281079133681487 ], [ 443070.74417331040604, 518221.488709898258094 ], [ 443087.887878153065685, 518207.667145763523877 ], [ 443112.949221773364116, 518194.497259772499092 ], [ 443141.313236528192647, 518186.585882422688883 ], [ 443205.080208421277348, 518177.039280590543058 ], [ 443246.369904362596571, 518172.260399423306808 ], [ 443283.688583664421458, 518167.088875630521215 ], [ 443311.875471196952276, 518161.923561465868261 ], [ 443334.498001740896143, 518149.243933194607962 ], [ 443350.370437999488786, 518136.173123095766641 ], [ 443361.470987610751763, 518113.212288650451228 ], [ 443391.969216008554213, 518099.495780453202315 ], [ 443440.520106283598579, 518088.939396761590615 ], [ 443484.854736590990797, 518086.802622852323111 ], [ 443534.471139849803876, 518089.923022812174167 ], [ 443569.313508755876683, 518099.366869453107938 ], [ 443611.558994200080633, 518127.743312538426835 ], [ 443648.522419771994464, 518150.86318729800405 ], [ 443669.642436677007936, 518161.369207008858211 ], [ 443688.641412684693933, 518158.199208810750861 ], [ 443709.73850578488782, 518137.141407191462349 ], [ 443762.470911294454709, 518069.767476990935393 ], [ 443838.408633490209468, 517977.126156522019301 ], [ 443885.87753225734923, 517929.746735688473564 ], [ 443940.732770931790583, 517878.153040814155247 ], [ 443971.451170119165909, 517820.437554136442486 ], [ 444016.46373544272501, 517709.777501466160174 ], [ 444055.72084558539791, 517634.845455493661575 ], [ 444128.485904763976578, 517528.775231923733372 ], [ 444186.250240077963099, 517464.20149140630383 ], [ 444244.023610588919837, 517412.303550297569018 ], [ 444293.710209637414664, 517369.630395032349043 ], [ 444328.367789699404966, 517329.272971810714807 ], [ 444375.7207178575336, 517256.639626289659645 ], [ 444413.819048398989253, 517177.098985002725385 ], [ 444419.579551956092473, 517148.285822666250169 ], [ 444423.021110538975336, 517110.255554643052164 ], [ 444420.633018101332709, 517004.239086828310974 ], [ 444418.27626121242065, 516942.013048067514319 ], [ 444418.243330045661423, 516895.918594301620033 ], [ 444429.780868606816512, 516861.339327738678548 ], [ 444451.727674950147048, 516831.362164645106532 ], [ 444502.561205689213239, 516774.85972604813287 ], [ 444567.274387141456828, 516725.261971769330557 ], [ 444678.220980939513538, 516653.736734898353461 ], [ 444747.866604114416987, 516612.101684277004097 ], [ 444797.460868485504761, 516582.607226528809406 ], [ 444837.550533767614979, 516547.859058317320887 ], [ 444859.690062668698374, 516506.810766146227252 ], [ 444864.937022011901718, 516462.618166970729362 ], [ 444880.720206302881707, 516390.010999792255461 ], [ 444911.284899155027233, 516320.549694709421601 ], [ 444968.225009734102059, 516228.975055881484877 ], [ 445004.08723847597139, 516186.865083658194635 ], [ 445032.554150217736606, 516136.343420193297789 ], [ 445080.009338775940705, 516066.870372942241374 ], [ 445123.258294470084365, 516020.546591615187936 ], [ 445167.571798409917392, 515986.847720431454945 ], [ 445228.764680531283375, 515937.355538243311457 ], [ 445299.455352754797786, 515883.647966189600993 ], [ 445336.389902062597685, 515864.684193979948759 ], [ 445371.214536175481044, 515847.825849814282265 ], [ 445413.431687235482968, 515835.170896786672529 ], [ 445470.435192385979462, 515833.026576423144434 ], [ 445551.722349651681725, 515836.126661881688051 ], [ 445652.018383583053946, 515849.734009302977938 ], [ 445802.982739193830639, 515859.09829533653101 ], [ 445905.382775768171996, 515862.183444691530894 ], [ 446007.775491969077848, 515854.747857605922036 ], [ 446113.331544577609748, 515842.049596016004216 ], [ 446180.887151374656241, 515833.586040579946712 ], [ 446232.600900333723985, 515814.612494537897874 ], [ 446265.312227395363152, 515794.599926559953019 ], [ 446313.830851417325903, 515734.595703840954229 ], [ 446370.783120305975899, 515657.752043258980848 ], [ 446422.471076574234758, 515600.902481048600748 ], [ 446457.29163500177674, 515577.732225845742505 ], [ 446533.276848021429032, 515546.116868716664612 ], [ 446607.159553179575596, 515527.127913214382716 ], [ 446662.041936905356124, 515510.256691735179629 ], [ 446722.198967282776721, 515488.121370860550087 ], [ 446767.577043661673088, 515465.99583518516738 ], [ 446831.960971512540709, 515450.17035810474772 ], [ 446862.579874440503772, 515457.514308429090306 ], [ 446890.036819666682277, 515472.225513742829207 ], [ 446923.842639328795485, 515509.026587020023726 ], [ 446946.051404853875283, 515567.929534298949875 ], [ 446971.498363284219522, 515732.042443349433597 ], [ 446988.41663317324128, 515773.063471195579041 ], [ 447020.113786897854879, 515814.074434862821363 ], [ 447046.522129680903163, 515839.307003568741493 ], [ 447095.09608670353191, 515860.31640742183663 ], [ 447216.521020771760959, 515898.110383633233141 ], [ 447342.153492655139416, 515913.807206849800423 ], [ 447412.892974832095206, 515930.593392830167431 ], [ 447443.512463447113987, 515938.989728716318496 ], [ 447453.022382365190424, 515952.660722210304812 ], [ 447493.261322952632327, 516137.8057434320217 ], [ 447504.903970022627618, 516183.038935801479965 ], [ 447528.157691708533093, 516227.211999172752257 ], [ 447545.067037907021586, 516255.607604545948561 ], [ 447552.473534798540641, 516280.853424227389041 ], [ 447574.675082338391803, 516330.288021238462534 ], [ 447622.239654620294459, 516420.737903301313054 ], [ 447668.723669820465147, 516474.36430396232754 ], [ 447739.492296250420623, 516535.339460277289618 ], [ 447801.800894033978693, 516574.226041777001228 ], [ 447860.94949060108047, 516623.635775771457702 ], [ 447893.687525569926947, 516643.60409360768972 ], [ 447930.650207410508301, 516666.725701347226277 ], [ 447954.945190728874877, 516689.856333360366989 ], [ 447988.74795683263801, 516723.501090133620892 ], [ 448097.552364234230481, 516834.952748507610522 ], [ 448152.470426930231042, 516872.79246455419343 ], [ 448184.164533706731163, 516910.647120636480395 ], [ 448219.0289987657452, 516953.760848533886019 ], [ 448269.742563718929887, 517018.958151610102504 ], [ 448288.769736524554901, 517057.87343467422761 ], [ 448350.04014057177119, 517124.116174068534747 ], [ 448472.57084393769037, 517241.871551959076896 ], [ 448501.065081216569524, 517230.279655874648597 ], [ 448535.897143723268528, 517224.995847531186882 ], [ 448598.172876569384243, 517215.485643879685085 ], [ 448624.562756569532212, 517214.416505574365146 ], [ 448664.681379435234703, 517221.75461183139123 ], [ 448732.255292461253703, 517242.752449599618558 ], [ 448773.428126458311453, 517247.985696667281445 ], [ 448811.430704624101054, 517247.960764864517841 ], [ 448846.262925294460729, 517242.677550667256583 ], [ 448885.316809256095439, 517236.338984314643312 ], [ 448923.314511448610574, 517228.949314561556093 ], [ 448975.019481255440041, 517197.352178506029304 ], [ 449029.893329881306272, 517168.909327493049204 ], [ 449055.223581135971472, 517161.528021206962876 ], [ 449087.956972082727589, 517175.183814384916332 ], [ 449162.948879741772544, 517240.365720287605654 ], [ 449226.315104940789752, 517284.513113952241838 ], [ 449274.894372304261196, 517316.045175624371041 ], [ 449305.514410904492252, 517326.546012623701245 ], [ 449365.694512970920186, 517341.23632563429419 ], [ 449508.222012928395998, 517369.550814682850614 ], [ 449590.559241725015454, 517367.393374571634922 ], [ 449668.666343832621351, 517353.665243144321721 ], [ 449733.050557750393637, 517339.946560859156307 ], [ 449778.436199791438412, 517330.448060185008217 ], [ 449841.763258054095786, 517314.625658121425658 ], [ 449919.867264934349805, 517295.637302687508054 ], [ 449977.916293421585578, 517279.818324401101563 ], [ 450044.402505247795489, 517251.368552520987578 ], [ 450119.332103099382948, 517220.80954363849014 ], [ 450188.99454778683139, 517207.087429272127338 ], [ 450254.442432677140459, 517205.993445195141248 ], [ 450332.565406794892624, 517216.464866702095605 ], [ 450411.750511386781, 517237.456699462956749 ], [ 450480.907917176024057, 517259.506753399735317 ], [ 450521.027544167009182, 517268.950440168962814 ], [ 450575.923260478826705, 517274.176174571446609 ], [ 450638.205687324109022, 517275.18858194333734 ], [ 450700.49543128721416, 517287.774500266707037 ], [ 450744.843399395118468, 517306.684656492434442 ], [ 450827.211158460413571, 517352.92514693189878 ], [ 450886.349141072365455, 517389.711718439648394 ], [ 450923.302547439059708, 517400.209823542449158 ], [ 450997.201895336562302, 517409.631916946440469 ], [ 451067.940956260252278, 517429.577515017008409 ], [ 451128.138294903910719, 517472.676390887354501 ], [ 451161.933321381453425, 517496.853639069711789 ], [ 451184.120417890138924, 517527.350690116523765 ], [ 451203.157155865395907, 517584.152709420653991 ], [ 451212.698638739006128, 517649.377460894174874 ], [ 451205.343589423457161, 517704.091875583981164 ], [ 451208.537579353142064, 517747.226373950834386 ], [ 451219.123361981997732, 517794.564781870925799 ], [ 451250.843955405114684, 517893.601366496412084 ], [ 451252.165500744071323, 517949.690704918000847 ], [ 451255.499764826032333, 518006.239473972527776 ], [ 451274.030322884966154, 518097.630262528953608 ], [ 451298.500127552950289, 518191.647193019569386 ], [ 451318.330257397494279, 518251.473055970214773 ], [ 451330.895283450896386, 518298.810277829237748 ], [ 451340.145852762041613, 518321.161743726115674 ], [ 451352.045280576683581, 518359.293224108638242 ], [ 451374.518524327024352, 518425.693870521441568 ], [ 451389.0745727091562, 518492.099103714805096 ], [ 451391.731729340623133, 518521.03023426909931 ], [ 451393.741817169124261, 518570.346788719529286 ], [ 451391.806173814751673, 518640.050036352418829 ], [ 451387.227347577747423, 518703.179629947990179 ], [ 451379.346176708640996, 518760.393071763159242 ], [ 451366.842250044341199, 518810.375904272892512 ], [ 451357.630031808279455, 518849.178226797142997 ], [ 451353.036450874817092, 518888.635246385936625 ], [ 451343.167559310561046, 518932.040908493741881 ], [ 451340.540866532362998, 518951.769572192337364 ], [ 451340.553647060412914, 518972.154475894290954 ], [ 451345.189676322217565, 519000.426778771041427 ], [ 451407.218769987230189, 519020.772526524844579 ], [ 451489.040698630269617, 519041.763511927856598 ], [ 451527.972405004606117, 519052.260448078857735 ], [ 451558.987137275107671, 519062.762034714629408 ], [ 451620.358915278164204, 519087.054087739670649 ], [ 451658.634840354905464, 519104.126768759684637 ], [ 451692.949498733505607, 519116.599486597871874 ], [ 451750.355662570626009, 519129.71488375053741 ], [ 451793.245030158665031, 519138.894198018417228 ], [ 451896.177707289345562, 519158.557215945620555 ], [ 451983.261569990660064, 519153.900306089781225 ], [ 452071.663085812004283, 519146.612394815776497 ], [ 452149.505102724011522, 519133.413026602356695 ], [ 452210.195416380476672, 519122.854832568904385 ], [ 452257.688704269123264, 519109.016602640796918 ], [ 452328.934840986155905, 519098.451600882050116 ], [ 452382.370715684781317, 519092.500776664644945 ], [ 452426.252738946117461, 519079.149065805540886 ], [ 452466.024763223074842, 519075.312751562625635 ], [ 452492.029726923268754, 519073.00973070791224 ], [ 452531.801246595394332, 519068.411167401529383 ], [ 452557.035651969374157, 519056.960201602487359 ], [ 452604.438427645422053, 519023.387256958230864 ], [ 452641.137881329050288, 518998.206869647081476 ], [ 452680.89265018934384, 518966.163404827122577 ], [ 452736.700998891785275, 518918.863038405193947 ], [ 452786.405003498366568, 518895.961748255242128 ], [ 452843.76642794907093, 518886.778577212768141 ], [ 452904.950005922815762, 518873.781101644504815 ], [ 452937.061156969110016, 518850.128711363475304 ], [ 452966.101654424448498, 518808.181013168301433 ], [ 452982.909435217268765, 518775.389178391604219 ], [ 453011.96621929644607, 518760.124140522093512 ], [ 453037.213206753600389, 518769.257202342152596 ], [ 453070.897519092774019, 518817.26599265699042 ], [ 453148.962170684884768, 518892.69284586480353 ], [ 453240.037561111850664, 518981.071796966425609 ], [ 453292.846150943893008, 519032.880738254112657 ], [ 453315.813115287688561, 519066.410865066456608 ], [ 453331.128800794132985, 519096.134064976882655 ], [ 453351.789972547790967, 519111.369051811576355 ], [ 453451.240370562765747, 519135.70459885377204 ], [ 453565.224807026796043, 519162.319314108521212 ], [ 453656.254815187247004, 519175.987124725361355 ], [ 453750.343847895972431, 519188.891453675751109 ], [ 453845.963983420399018, 519204.081928664760198 ], [ 453977.540110623056535, 519229.924044410698116 ], [ 454055.571843399375211, 519251.985975369985681 ], [ 454151.2048469921574, 519289.285439284634776 ], [ 454250.67651387071237, 519350.977894246520009 ], [ 454317.247346079675481, 519394.393259001430124 ], [ 454370.058568600332364, 519452.301652962400112 ], [ 454415.999629594094586, 519533.847737989097368 ], [ 454493.326782799384091, 519659.592138856824022 ], [ 454565.292875244282186, 519773.903886805113871 ], [ 454667.900336602237076, 519967.483826372073963 ], [ 454723.023738246178254, 520056.647939197311644 ], [ 454747.52797624154482, 520104.662493348179851 ], [ 454753.655480548390187, 520119.143788852030411 ], [ 454749.842263612139504, 520138.205107640242204 ], [ 454730.764392775599845, 520213.69005224830471 ], [ 454722.378446797258221, 520260.96174961712677 ], [ 454725.46426193381194, 520305.938984031323344 ], [ 454737.730367095326073, 520353.960868661641143 ], [ 454772.180513288534712, 520406.54362400440732 ], [ 454831.103817528754007, 520454.538285984250251 ], [ 454966.555985445447732, 520573.387672123790253 ], [ 455042.322774923755787, 520649.579824647400528 ], [ 455094.34741205710452, 520672.420302927785087 ], [ 455134.891009626793675, 520681.545137704873923 ], [ 455176.953643067681696, 520672.372395472950302 ], [ 455211.361968154029455, 520653.293452013342176 ], [ 455277.12466322327964, 520625.048210769484285 ], [ 455358.171744160586968, 520573.923212017689366 ], [ 455423.977272920019459, 520619.626662347931415 ], [ 455485.20087198948022, 520678.293266793072689 ], [ 455524.99573392199818, 520715.626494099560659 ], [ 455557.900205309735611, 520741.527896361309104 ], [ 455596.151599519653246, 520755.228135110868607 ], [ 455629.055567045288626, 520780.367095443129074 ], [ 455679.568924270104617, 520835.990738354623318 ], [ 455720.127023116103373, 520871.036057136545423 ], [ 455811.959442155784927, 520954.843367974681314 ], [ 455910.672839188424405, 521034.072472770698369 ], [ 455966.538171830587089, 521086.643908447760623 ], [ 456060.677081377711147, 521192.558296075614635 ], [ 456079.045268665882759, 521212.369118932751007 ], [ 456121.121965037775226, 521228.354865481553134 ], [ 456163.196621382725425, 521240.529013288673013 ], [ 456264.167071546602529, 521254.956473272410221 ], [ 456360.546671414747834, 521266.33761400176445 ], [ 456443.154733435367234, 521270.864944333676249 ], [ 456599.953090401890222, 521272.301809687516652 ], [ 456745.273739973315969, 521265.358909686619882 ], [ 456801.108507806842681, 521264.565379356383346 ], [ 456830.934374995529652, 521257.687413677631412 ], [ 456857.70007541362429, 521249.286427189828828 ], [ 456891.338807711086702, 521221.822508875280619 ], [ 456937.539732846198604, 521155.56440286396537 ], [ 456980.583371942106169, 521093.681863531353883 ], [ 457024.356048514600843, 521029.615951972897165 ], [ 457076.153511669428553, 520953.173709491617046 ], [ 457104.601092598633841, 520902.943533489073161 ], [ 457176.809563265065663, 520766.815499602933414 ], [ 457256.333760883077048, 520656.154046984796878 ], [ 457312.519409786909819, 520592.081453917897306 ], [ 457382.570665460021701, 520514.901959418435581 ], [ 457467.954598304117098, 520436.98621064965846 ], [ 457440.179826479870826, 520383.876451052783523 ], [ 457390.48523192317225, 520302.396404267463367 ], [ 457375.857524324324913, 520257.283973719167989 ], [ 457365.616997906879988, 520223.813514630834106 ], [ 457362.677556362643372, 520189.611114354687743 ], [ 457367.752613514312543, 520124.111143528542016 ], [ 457388.895680694084149, 520067.335494998609647 ], [ 457429.02408239239594, 520013.460575091303326 ], [ 457464.789000794466119, 519990.880692849401385 ], [ 457496.905504075693898, 519972.669229328981601 ], [ 457504.92879521503346, 519957.38252872886369 ], [ 457491.773284277936909, 519934.101739635283593 ], [ 457469.856101800804026, 519910.825844140315894 ], [ 457445.016537441813853, 519884.640957076044288 ], [ 457400.442337665706873, 519820.623646543885116 ], [ 457376.328902720124461, 519787.16055968310684 ], [ 457349.296918430074584, 519757.337920869875234 ], [ 457321.539633849519305, 519736.248773709870875 ], [ 457283.55700998014072, 519709.343100298719946 ], [ 457241.185304698359687, 519667.884970299142879 ], [ 457172.510963759210426, 519595.148503760690801 ], [ 457168.492292387061752, 519591.147457071754616 ], [ 457116.258234162465669, 519539.143186916247942 ], [ 457084.847252735868096, 519512.961783128906973 ], [ 457070.232089526311029, 519491.137358393520117 ], [ 457057.809858049848117, 519473.678490393387619 ], [ 457052.684222399780992, 519447.482470057497267 ], [ 457055.584623266535345, 519411.093825328687672 ], [ 457004.45169013197301, 519371.096091854211409 ], [ 456939.445768173085526, 519331.106166622717865 ], [ 456881.0176349314861, 519302.756651208736002 ], [ 456837.196232229121961, 519280.948567156447098 ], [ 456791.179299382318277, 519250.408874113403726 ], [ 456727.634317193413153, 519211.873775158892386 ], [ 456670.664719828986563, 519180.61249516136013 ], [ 456631.958367352490313, 519166.079476264305413 ], [ 456580.842449176532682, 519157.375167478981894 ], [ 456542.873088454420213, 519155.212877674261108 ], [ 456517.31685831095092, 519153.772088350786362 ], [ 456489.569168476678897, 519150.87637489696499 ], [ 456455.241308376134839, 519131.974146927474067 ], [ 456399.727658484887797, 519093.435140662477352 ], [ 456312.069082670728676, 519022.892940700927284 ], [ 456254.363572994363494, 518982.171600265137386 ], [ 456183.514793144888245, 518940.730012620566413 ], [ 456072.498188606230542, 518883.300911740108859 ], [ 456026.483294328325428, 518857.128101728681941 ], [ 455975.345242394832894, 518809.853587875550147 ], [ 455928.587719971255865, 518761.84925258095609 ], [ 455898.629258088942152, 518723.295642970304471 ], [ 455847.481883425905835, 518660.010642406065017 ], [ 455832.860865203489084, 518628.725854882795829 ], [ 455822.624982943991199, 518604.716148536594119 ], [ 455808.00143933884101, 518569.064818750717677 ], [ 455798.504338810860645, 518560.337683338264469 ], [ 455761.992144170799293, 518553.080575182801113 ], [ 455722.562518385180738, 518551.647619438532274 ], [ 455672.908891571627464, 518547.309745544567704 ], [ 455628.362714876886457, 518536.418714123719838 ], [ 455586.730522261816077, 518513.882347577076871 ], [ 455562.620089713367634, 518487.697305964131374 ], [ 455539.967581977660302, 518457.14490064344136 ], [ 455524.608295006968547, 518412.033588604594115 ], [ 455515.82349832606269, 518372.01248028757982 ], [ 455508.491787472215947, 518319.618990605231375 ], [ 455505.552782562037464, 518287.599991926050279 ], [ 455482.868548702565022, 518201.739008132950403 ], [ 455461.663287862436846, 518148.625536116654985 ], [ 455444.851816813170444, 518118.069872778025456 ], [ 455414.165678033488803, 518084.611100598413032 ], [ 455371.795415465894621, 518048.975856380013283 ], [ 455320.655373057932593, 517999.518618220055941 ], [ 455257.824359814170748, 517936.241064667352475 ], [ 455219.104019587568473, 517899.147962715942413 ], [ 455070.722100591054186, 517707.89364708570065 ], [ 454995.422140360751655, 517623.192598433990497 ], [ 454931.892998182447627, 517511.794188044033945 ], [ 454875.214902018778957, 517379.638600757578388 ], [ 454815.46049431792926, 517208.97978676436469 ], [ 454774.713765700988006, 517121.213445498782676 ], [ 454732.114825943252072, 517074.92733465146739 ], [ 454666.850460910587572, 517044.508243246586062 ], [ 454616.450926163117401, 517031.819974784273654 ], [ 454587.275845496740658, 517014.361468481831253 ], [ 454552.004638581944164, 516944.123707931779791 ], [ 454489.428170277911704, 516820.872618666675407 ], [ 454442.829728863143828, 516757.810600867902394 ], [ 454407.207378272549249, 516733.228538114577532 ], [ 454368.666349226434249, 516723.467614167253487 ], [ 454323.198291664710268, 516708.789908247650601 ], [ 454264.863735239428934, 516684.274756500613876 ], [ 454221.645567152416334, 516654.991647626564372 ], [ 454121.269921316008549, 516546.449934968608432 ], [ 453972.721110962156672, 516402.714934563438874 ], [ 453870.156681722321082, 516299.857273424509913 ], [ 453846.893345376069192, 516261.874597215501126 ], [ 453817.061689097201452, 516191.85054858244257 ], [ 453774.249814369366504, 516073.47740050277207 ], [ 453757.278928069747053, 516011.315279093629215 ], [ 453751.176202855363954, 515951.096285418374464 ], [ 453751.933509011927526, 515873.081978481437545 ], [ 453766.37865961890202, 515748.614624038687907 ], [ 453773.096286304411478, 515677.02260242641205 ], [ 453774.007576634874567, 515656.755001267651096 ], [ 453766.037931714206934, 515633.078823773365002 ], [ 453740.2291744541144, 515587.729905846877955 ], [ 453689.654751441616099, 515515.791747914510779 ], [ 453638.086973441124428, 515441.881814866443165 ], [ 453550.870671896846034, 515334.501668078126386 ], [ 453407.18718543642899, 515166.063224435376469 ], [ 453326.90955559903523, 515067.54985176352784 ], [ 453286.262481467449106, 515013.357185567729175 ], [ 453249.515881275001448, 514942.365579599631019 ], [ 453244.42134549387265, 514889.055659934179857 ], [ 453251.121484622650314, 514816.948802665050607 ], [ 453243.912461066327523, 514716.245193216309417 ], [ 453231.789304085657932, 514623.45569374517072 ], [ 453200.866044418187812, 514517.884697511501145 ], [ 453156.054141446773428, 514390.628989855351392 ], [ 453138.093391047499608, 514327.481689758016728 ], [ 453137.825793795112986, 514298.705949289433192 ], [ 453146.7891021494288, 514262.281415957317222 ], [ 453165.275409241090529, 514168.414449560688809 ], [ 453189.631568747630809, 514055.76788414164912 ], [ 453195.280802160850726, 513961.939089486608282 ], [ 453176.181768617709167, 513847.445149211736862 ], [ 453147.201947343652137, 513731.005553484254051 ], [ 453128.846860809077043, 513533.559573521837592 ], [ 453141.272393748920877, 513393.298064784379676 ], [ 453159.817241375742014, 513319.181342111318372 ], [ 453197.191150197584648, 513267.721494396741036 ], [ 453266.190752640832216, 513225.056528519606218 ], [ 453410.991829817416146, 513156.002429490617942 ], [ 453461.874555773800239, 513118.458168230135925 ], [ 453505.925028047175147, 513069.602175900829025 ], [ 453554.371886240842286, 512974.273196915688459 ], [ 453642.280176070227753, 512810.837864132074174 ], [ 453736.924358134740032, 512625.853012253821362 ], [ 453788.674491968355142, 512497.652125680120662 ], [ 453797.5937148007215, 512447.766432931472082 ], [ 453804.176788793993182, 512374.090762125735637 ], [ 453818.768521199934185, 512326.454545740911271 ], [ 453835.656407674192451, 512289.010426830092911 ], [ 453861.543224571389146, 512228.876323469041381 ], [ 453870.492271029157564, 512189.188902489491738 ], [ 453860.154392532422207, 512141.625943746883422 ], [ 453832.739366241265088, 512066.916848111548461 ], [ 453777.876126723829657, 511906.166337234142702 ], [ 453760.679523118364159, 511838.226330556324683 ], [ 453767.32588309928542, 511786.080740670848172 ], [ 453785.330532169202343, 511742.967437294428237 ], [ 453815.790045557252597, 511696.417833445884753 ], [ 453842.806848701904528, 511635.147561919875443 ], [ 453869.823736241436563, 511573.876872718683444 ], [ 453887.78530047024833, 511516.032561361556873 ], [ 453896.618558907532133, 511436.68446853099158 ], [ 453906.515378296899144, 511333.536583085602615 ], [ 453910.825913504930213, 511257.601662488188595 ], [ 453919.73218015517341, 511203.183219861239195 ], [ 453926.428448677295819, 511168.034907941007987 ], [ 453921.726795160444453, 511110.256758794072084 ], [ 453918.181557132105809, 511060.407433868211228 ], [ 453921.372416280966718, 510989.008268649457023 ], [ 453915.560765348025598, 510939.165760128526017 ], [ 453896.148020846536383, 510888.229354255076032 ], [ 453868.783191471535247, 510830.517676836170722 ], [ 453811.876539640594274, 510745.69559231668245 ], [ 453757.266120937711094, 510671.065740846563131 ], [ 453724.252047829970252, 510619.036227759614121 ], [ 453713.914568003441673, 510571.473100271541625 ], [ 453700.184231858176645, 510526.185883719066624 ], [ 453672.892335119424388, 510493.403760731453076 ], [ 453647.876543874503113, 510464.013991055078804 ], [ 453597.838535761926323, 510402.968501227500383 ], [ 453540.968490031606052, 510330.611237477569375 ], [ 453495.367287334578577, 510236.69075532903662 ], [ 453464.470779077964835, 510133.661771346931346 ], [ 453456.61878008331405, 510066.310155469283927 ], [ 453451.629008776333649, 510004.517427961109206 ], [ 453418.486185666988604, 509908.293655075365677 ], [ 453386.585661867458839, 509849.461448224901687 ], [ 453336.405605731299147, 509739.689623241138179 ], [ 453303.322332920623012, 509663.863302436715458 ], [ 453277.186833878338803, 509639.009664912242442 ], [ 453239.752634855511133, 509625.520539609482512 ], [ 453200.062018297147006, 509615.437505425070412 ], [ 453044.652566649892833, 509559.231688110914547 ], [ 452901.760700303304475, 509521.119821459171362 ], [ 452798.55966521933442, 509493.091195928980596 ], [ 452664.706601369776763, 509445.887948185903952 ], [ 452585.275461960874964, 509408.724406211927999 ], [ 452520.559116740594618, 509365.851675941958092 ], [ 452444.402015646977816, 509285.61759622284444 ], [ 452392.506118904217146, 509209.180709392821882 ], [ 452337.828045958536677, 509135.829315880895592 ], [ 452286.307473999564536, 509046.694208882225212 ], [ 452250.633765447419137, 508975.698624652053695 ], [ 452224.457714931631926, 508898.384869093832094 ], [ 452195.881926103495061, 508780.829046425467823 ], [ 452172.884899236261845, 508723.24011951033026 ], [ 452141.967416511208285, 508661.710744698531926 ], [ 452086.50700740586035, 508604.930655769072473 ], [ 452046.90199141978519, 508580.492979794042185 ], [ 452030.276013431721367, 508583.659283536369912 ], [ 451983.575543342041783, 508609.727322377671953 ], [ 451844.276714780775364, 508706.079576663149055 ], [ 451762.747517962066922, 508749.52860639145365 ], [ 451655.087165141594596, 508789.837287126574665 ], [ 451566.413591830059886, 508803.305934929056093 ], [ 451515.7377271776204, 508802.547760100162122 ], [ 451425.467627912177704, 508794.712277831800748 ], [ 451393.002738718176261, 508793.154060070286505 ], [ 451340.742981396440882, 508791.607918798225001 ], [ 451294.821831212553661, 508797.160097457352094 ], [ 451263.946458693942986, 508805.069557081325911 ], [ 451232.274784526904114, 508805.878142767993268 ], [ 451187.92719597381074, 508794.858378692879342 ], [ 451141.198685670795385, 508775.160255825845525 ], [ 451100.008872418722603, 508749.145871602522675 ], [ 451077.036885719862767, 508733.378626888792496 ], [ 451058.029286311706528, 508726.288486491830554 ], [ 451021.609715982573107, 508731.834721276652999 ], [ 450975.695952072390355, 508749.222704523883294 ], [ 450913.944634781801142, 508764.253581776109058 ], [ 450840.314905440493021, 508776.92455661407439 ], [ 450765.888413936423603, 508781.705242621246725 ], [ 450702.54427057004068, 508781.744565774279181 ], [ 450561.600504604284652, 508777.097984691965394 ], [ 450454.702676718006842, 508770.063036767300218 ], [ 450413.526933896937408, 508766.932551835663617 ], [ 450343.856318476726301, 508779.601494348607957 ], [ 450231.430662433383986, 508796.242708161298651 ], [ 450086.526292050955817, 508789.232351313345134 ], [ 449993.083646748564206, 508773.509723155526444 ], [ 449877.461408084607683, 508743.597831506573129 ], [ 449807.763222816691268, 508712.867456630454399 ], [ 449763.405720484151971, 508686.85629121348029 ], [ 449719.842482866777573, 508664.789365157077555 ], [ 449696.081754627579357, 508654.546275765809696 ], [ 449662.823002471588552, 508649.83309107151581 ], [ 449544.850645190512296, 508660.166312206536531 ], [ 449384.91219460463617, 508669.737011820077896 ], [ 449328.70111198577797, 508680.820227403077297 ], [ 449231.316603840677999, 508692.718782192154322 ], [ 449175.894950076472014, 508699.856007857364602 ], [ 449152.137703308893833, 508695.136775074875914 ], [ 449125.999162868887652, 508680.950158385210671 ], [ 449084.795324193313718, 508634.420897929929197 ], [ 449053.893103356705979, 508600.510114517412148 ], [ 449019.834739188721869, 508583.961162097402848 ], [ 448905.800982177024707, 508562.729679353360552 ], [ 448743.463419026811607, 508536.005684032978024 ], [ 448600.920771487464663, 508509.269231233512983 ], [ 448511.425978549872525, 508477.764146508241538 ], [ 448391.043538458412513, 508435.23161198728485 ], [ 448297.590643782401457, 508405.307432219618931 ], [ 448185.129089310998097, 508367.505073589505628 ], [ 448130.483327500114683, 508350.969842771766707 ], [ 448063.156350641453173, 508315.505178798863199 ], [ 447992.662430857832078, 508280.831778475141618 ], [ 447976.025661073799711, 508267.42854912992334 ], [ 447956.201965424639639, 508224.041631072002929 ], [ 447949.828094320662785, 508164.075551305140834 ], [ 447936.338283663906623, 508119.895782625651918 ], [ 447904.625902351865079, 508059.157425585144665 ], [ 447843.548946281371173, 507895.85703375126468 ], [ 447835.791062731121201, 507809.096517298661638 ], [ 447822.329633956425823, 507734.344732928380836 ], [ 447799.55580004863441, 507672.08514692238532 ], [ 447774.474124603089876, 507619.960126713791396 ], [ 447748.502480034017935, 507529.663238186272793 ], [ 447727.130683082214091, 507413.643120260734577 ], [ 447719.974416661250871, 507363.803266931965481 ], [ 447692.458430473983753, 507278.185117413813714 ], [ 447655.620690014155116, 507201.943005763576366 ], [ 447632.144780314178206, 507166.173712561139837 ], [ 447591.508998534933198, 507123.442591430619359 ], [ 447555.543104179843795, 507079.13951982598519 ], [ 447506.324055897712242, 507031.758841693983413 ], [ 447475.061962021223735, 506997.570356736832764 ], [ 447439.888610305672046, 506957.939743219059892 ], [ 447402.389503862592392, 506922.210815801983699 ], [ 447337.634180140856188, 506890.456872364506125 ], [ 447316.547419594833627, 506872.598989757534582 ], [ 447299.288198668102268, 506831.358185289194807 ], [ 447278.885620833083522, 506780.777432945324108 ], [ 447253.10190954717109, 506755.142600285180379 ], [ 447203.918921645381488, 506720.227110093575902 ], [ 447161.015978178300429, 506701.653475447499659 ], [ 447134.500530570745468, 506692.381408963119611 ], [ 447009.802027186146006, 506676.382238982070703 ], [ 446914.685493525408674, 506652.506633348471951 ], [ 446832.828981936792843, 506634.045991453924216 ], [ 446753.293798135244288, 506610.125269405718427 ], [ 446649.648111681162845, 506600.297704943572171 ], [ 446569.385620776680298, 506594.297243952169083 ], [ 446542.1558091971674, 506589.573356541630346 ], [ 446516.381669173832051, 506585.102009645022918 ], [ 446436.832879120367579, 506556.506548968434799 ], [ 446357.247944059723523, 506515.446249504922889 ], [ 446266.003778127022088, 506483.768132451688871 ], [ 446247.499671735451557, 506464.777480210876092 ], [ 446241.780325190920848, 506458.907952255394775 ], [ 446226.862910498050041, 506419.218191433988977 ], [ 446214.65780034114141, 506240.065105610468891 ], [ 446202.834155844699126, 506192.57541219558334 ], [ 446187.209768906701356, 506177.818109742482193 ], [ 446160.028530888492242, 506157.809395074727945 ], [ 446120.399740536580794, 506132.639443832740653 ], [ 446096.879629254748579, 506126.587254334590398 ], [ 446081.772741859371308, 506101.093598832143471 ], [ 446037.948866960592568, 506027.138864752254449 ], [ 446017.321430905954912, 505992.329005493142176 ], [ 445951.428850515105296, 505938.082466753898188 ], [ 445921.240606346458662, 505890.582550000399351 ], [ 445892.102025060739834, 505809.768632327381056 ], [ 445876.129996735719033, 505730.27888330706628 ], [ 445863.214226286392659, 505656.374957625288516 ], [ 445836.848234104632866, 505598.171552016283385 ], [ 445806.516138798266184, 505539.962812584184576 ], [ 445785.436453021655325, 505483.088104285707232 ], [ 445774.951897685416043, 505411.684548382123467 ], [ 445751.253650544153061, 505334.975861518527381 ], [ 445674.768972145277075, 505184.165422739461064 ], [ 445632.54197679500794, 505123.297522370645311 ], [ 445578.397836410382297, 505076.956636433838867 ], [ 445517.641882013820577, 505031.929505955660716 ], [ 445412.967437774525024, 504975.803250395110808 ], [ 445300.307678758748807, 504922.120094475918449 ], [ 445286.054138634586707, 504914.416618791699875 ], [ 445242.259336442046333, 504856.890954541391693 ], [ 445210.269922862469684, 504840.622564129764214 ], [ 445140.887003807059955, 504825.241560471476987 ], [ 445101.133763862075284, 504818.344423328991979 ], [ 445069.146602639346384, 504802.855063076538499 ], [ 444999.750150451727677, 504782.799322184349876 ], [ 444924.92712222103728, 504772.107935477921274 ], [ 444875.777657554601319, 504748.877377661061473 ], [ 444835.956841622188222, 504718.60817113291705 ], [ 444778.138614497322123, 504661.122759876016062 ], [ 444607.797740777372383, 504487.877908028080128 ], [ 444535.906648353731725, 504413.293335522408597 ], [ 444432.809506966848858, 504323.995874942396767 ], [ 444349.986347433878109, 504240.872016497538425 ], [ 444176.670776921149809, 504116.717842373240273 ], [ 444041.5975216855295, 504015.825723721995018 ], [ 443941.679456095735077, 503948.333060236880556 ], [ 443882.361260239733383, 503911.107993832032662 ], [ 443823.896423989033792, 503899.589997968636453 ], [ 443766.266573162807617, 503907.547304325038567 ], [ 443708.688533348031342, 503933.422920598241035 ], [ 443659.664619280956686, 503953.820609788643196 ], [ 443627.731163936667144, 503957.029033911647275 ], [ 443601.213063050934579, 503946.97724028956145 ], [ 443570.729876436525956, 503912.785285343881696 ], [ 443525.347617980267387, 503845.135219802323263 ], [ 443483.171461431367788, 503808.639207921689376 ], [ 443430.139958143583499, 503790.094090666854754 ], [ 443375.565708194277249, 503777.006578425469343 ], [ 443309.246910520712845, 503743.696815818489995 ], [ 443235.864591581572313, 503692.488327376369853 ], [ 443167.994332170987036, 503661.519900086743291 ], [ 443108.752343902771827, 503650.783265474543441 ], [ 443017.558747544768266, 503637.022289060405456 ], [ 442942.672072462155484, 503604.516436841280665 ], [ 442868.530787238676567, 503560.321355378080625 ], [ 442834.890898596961051, 503512.114325778034981 ], [ 442791.789769444731064, 503424.97999933391111 ], [ 442736.084204087208491, 503289.577857049065642 ], [ 442700.751524569583125, 503194.629850760102272 ], [ 442655.989230459264945, 503071.661721878452227 ], [ 442623.027729308407288, 502988.393489847891033 ], [ 442546.302565847581718, 502858.505260314617772 ], [ 442496.138392598077189, 502753.471590077795554 ], [ 442465.458180608868133, 502650.719181358872447 ], [ 442459.715620187518653, 502550.232418467057869 ], [ 442442.472577198350336, 502514.443328152468894 ], [ 442400.298749283130746, 502478.726142199710011 ], [ 442360.515897487173788, 502461.700329369748943 ], [ 442234.222620591579471, 502434.015959540265612 ], [ 442158.608201201132033, 502419.430243024951778 ], [ 442019.009892022877466, 502370.748691111686639 ], [ 441943.339430465130135, 502336.685584527207538 ], [ 441875.388341711775865, 502277.669188848696649 ], [ 441837.819592548825312, 502217.786516726191621 ], [ 441810.383372801123187, 502159.43291795469122 ], [ 441797.738964056828991, 502097.141353640472516 ], [ 441800.580141563317738, 502001.303892070834991 ], [ 441816.596578136726748, 501881.276897885254584 ], [ 441836.57338473724667, 501783.831973567022942 ], [ 441898.417768291546963, 501615.369221492437646 ], [ 441968.82789657136891, 501445.323866950697266 ], [ 441987.369679849070963, 501390.733765920682345 ], [ 441995.031027054705191, 501345.524459501029924 ], [ 442022.80128648673417, 501248.836322745191865 ], [ 442030.46484610211337, 501204.405999377369881 ], [ 442032.627942263847217, 501143.629945602326188 ], [ 442021.539718822750729, 501080.554688181204256 ], [ 442001.964230135607067, 501046.330461149278563 ], [ 441989.405006595596205, 501013.644714831141755 ], [ 441990.855951323290356, 500976.243743354978506 ], [ 442018.70671584358206, 500907.603266247257125 ], [ 442045.693751336249989, 500809.359504502383061 ], [ 442054.799505948438309, 500724.411880996951368 ], [ 442063.148707440821454, 500647.257375722634606 ], [ 442077.002681677404325, 500588.005971706297714 ], [ 442092.432823132490739, 500534.983244078699499 ], [ 442095.386438261135481, 500478.100803826877382 ], [ 442092.127297534199897, 500428.247737243189476 ], [ 442070.955842355615459, 500380.783205383399036 ], [ 442032.592984288989101, 500315.448833460686728 ], [ 442007.581767599040177, 500287.47301736328518 ], [ 441963.876814814808313, 500261.108604657754768 ], [ 441908.481111587316263, 500233.219662722258363 ], [ 441833.523289567849133, 500175.780818090366665 ], [ 441795.216174860950559, 500129.923589284706395 ], [ 441784.175181402708404, 500083.209506161976606 ], [ 441787.142257559578866, 500031.001335529261269 ], [ 441800.954234623291995, 499956.947441580239683 ], [ 441806.104900264472235, 499850.974944242101628 ], [ 441806.654545215889812, 499770.726342306646984 ], [ 441785.456424866861198, 499713.912504640116822 ], [ 441736.916578189004213, 499631.466843811969738 ], [ 441708.586591293395031, 499532.602328349661548 ], [ 441685.015565015084576, 499463.329872522037476 ], [ 441651.294230602623429, 499386.295474609534722 ], [ 441612.194938043889124, 499335.765439654351212 ], [ 441542.617435648397077, 499252.600431137019768 ], [ 441483.132784161018208, 499156.940853212203365 ], [ 441456.447719057265203, 499088.456548176065553 ], [ 441444.60788878967287, 499034.732218162214849 ], [ 441450.707127455854788, 498987.968673829571344 ], [ 441461.503280787321273, 498948.982843462435994 ], [ 441480.154894517036155, 498932.568510125856847 ], [ 441519.781874176289421, 498895.058593345573172 ], [ 441547.715953959035687, 498855.244914700568188 ], [ 441595.888465486874338, 498809.140596633951645 ], [ 441640.940382091328502, 498761.486788924084976 ], [ 441651.787598209455609, 498740.420409497921355 ], [ 441669.584590370766819, 498697.518931841128506 ], [ 441674.951547619770281, 498667.118691584386397 ], [ 441666.223647304228507, 498611.827504991786554 ], [ 441661.435755982296541, 498572.107055775763001 ], [ 441665.206923338235356, 498528.466897628153674 ], [ 441678.273748575942591, 498466.101542320742738 ], [ 441686.743803854158614, 498431.017986618855502 ], [ 441707.590466984838713, 498364.735055252735037 ], [ 441720.668530382448807, 498306.265355010633357 ], [ 441734.550016854773276, 498256.363545838335995 ], [ 441751.443707779806573, 498169.835169235710055 ], [ 441754.464552560588345, 498136.325592364592012 ], [ 441753.510074793652166, 498074.77934489492327 ], [ 441760.333280036807992, 498008.536723737837747 ], [ 441765.558289888722356, 497928.274483785091434 ], [ 441764.609455810685176, 497895.720201085729059 ], [ 441767.693738989357371, 497848.504200433788355 ], [ 441780.485821343609132, 497819.499664966191631 ], [ 441809.328409300534986, 497775.42909639532445 ], [ 441828.50287438381929, 497727.094224272004794 ], [ 441839.100380650372244, 497680.929767211666331 ], [ 441841.111764415283687, 497633.716898622107692 ], [ 441832.437061386008281, 497601.554902521660551 ], [ 441806.547359889373183, 497552.275483243749477 ], [ 441795.687234771670774, 497506.171833089145366 ], [ 441792.288413319620304, 497442.880989811266772 ], [ 441802.693792075500824, 497329.124936226289719 ], [ 441811.020469765993766, 497238.978459545003716 ], [ 441800.145077639666852, 497187.510506090591662 ], [ 441774.322737649781629, 497161.83432624762645 ], [ 441723.808699463028461, 497130.864062062231824 ], [ 441649.7186355162994, 497109.616979834390804 ], [ 441594.995516495138872, 497107.626745828310959 ], [ 441480.141803914739285, 497088.641476448508911 ], [ 441397.480832887638826, 497071.709971847303677 ], [ 441297.592571186309215, 497033.369787290284876 ], [ 441222.392828513518907, 496999.250861643347889 ], [ 441151.475595771044027, 496961.90120827301871 ], [ 441097.797636442526709, 496950.252102840167936 ], [ 441048.460093243687879, 496955.756606030336116 ], [ 440994.815710882481653, 496955.909143314172979 ], [ 440951.869648138352204, 496945.302500410121866 ], [ 440902.464850392192602, 496927.203443165810313 ], [ 440825.1558837465127, 496905.965314558125101 ], [ 440739.251607543730643, 496880.459825223253574 ], [ 440688.810533641953953, 496875.238817691453733 ], [ 440637.262984412664082, 496858.219061032286845 ], [ 440581.396366334345657, 496831.55511820333777 ], [ 440534.055020561732817, 496784.48231649864465 ], [ 440471.598702495568432, 496704.192451573559083 ], [ 440432.712398150295485, 496612.033209814981092 ], [ 440360.368548746046145, 496450.230686613766011 ], [ 440318.288030742725823, 496366.66392666118918 ], [ 440264.478899495443329, 496308.880138191394508 ], [ 440197.752468663966283, 496236.112252168473788 ], [ 440092.316525347530842, 496133.412945596559439 ], [ 440001.986449369578622, 496060.711700354993809 ], [ 439895.526321744138841, 495975.181497564539313 ], [ 439781.467704646813218, 495858.558614535664674 ], [ 439733.053488104487769, 495811.488139574939851 ], [ 439705.048500108183362, 495772.9431954168831 ], [ 439687.760561615403276, 495730.07607858144911 ], [ 439669.317496181640308, 495658.243383736873511 ], [ 439630.255248547007795, 495503.856159016198944 ], [ 439598.891809681023005, 495415.966754953493364 ], [ 439561.124499388970435, 495339.897231254086364 ], [ 439521.248025945096742, 495276.708944773883559 ], [ 439459.858791061386, 495194.269119068107102 ], [ 439397.436213425651658, 495125.779907868651208 ], [ 439281.198641408118419, 494997.360298870597035 ], [ 439189.70457157085184, 494892.474453616829123 ], [ 439084.2869947780855, 494796.210966738406569 ], [ 439048.80231554817874, 494768.41559786821017 ], [ 439001.549122628639452, 494752.455931283882819 ], [ 438946.758405493455939, 494726.860930328955874 ], [ 438922.002712517394684, 494699.035476460470818 ], [ 438882.147566704719793, 494643.356741839845199 ], [ 438798.160708189592697, 494537.376468674745411 ], [ 438744.394178905757144, 494494.612271057150792 ], [ 438694.955639434454497, 494464.710414043569472 ], [ 438613.339168096077628, 494438.118552938569337 ], [ 438516.674721643037628, 494401.912823889811989 ], [ 438410.31771556584863, 494352.859809160756413 ], [ 438353.621346755651757, 494338.606637655640952 ], [ 438281.836818454205059, 494349.706328071712051 ], [ 438213.090089112520218, 494348.578461397381034 ], [ 438166.81319376785541, 494346.065596969332546 ], [ 438123.169203613011632, 494339.578880316577852 ], [ 438060.972455996030476, 494317.280739535228349 ], [ 438001.430886442307383, 494298.94118581188377 ], [ 437898.263771493802778, 494280.725082942750305 ], [ 437843.972743763937615, 494249.15061431605136 ], [ 437810.840992052457295, 494220.160307294107042 ], [ 437788.232585887599271, 494172.632443033275194 ], [ 437756.273364747758023, 494090.759340654651169 ], [ 437738.949376922100782, 494041.894334851880558 ], [ 437708.397930881998036, 493990.422739716654178 ], [ 437667.323061098402832, 493957.488931489468087 ], [ 437606.425822019926272, 493927.255272191541735 ], [ 437574.619545545079745, 493899.583047543419525 ], [ 437537.484454405144788, 493857.3842019958538 ], [ 437472.434561857779045, 493761.061920398613438 ], [ 437419.880123054317664, 493697.526087162957992 ], [ 437347.351014493964612, 493631.879885626141913 ], [ 437173.561944050074089, 493508.087826075032353 ], [ 437144.736782657215372, 493482.19936826149933 ], [ 437078.645093338796869, 493397.057424989296123 ], [ 436980.877865452261176, 493261.920304706436582 ], [ 436915.570275022997521, 493168.733897722384427 ], [ 436897.241826913901605, 493138.64399504911853 ], [ 436890.029230975429527, 493112.488745777576696 ], [ 436885.104598375328351, 493053.806105715455487 ], [ 436881.831018911558203, 493018.120939623622689 ], [ 436856.352630062901881, 492984.085105199832469 ], [ 436813.32781499880366, 492915.991235189023428 ], [ 436779.769792660488747, 492829.626936994027346 ], [ 436756.480974291684106, 492728.16253205697285 ], [ 436730.164602692821063, 492678.26507022039732 ], [ 436685.63835242256755, 492640.316839115403127 ], [ 436618.891425348294433, 492598.465536436007824 ], [ 436531.537112380785402, 492562.223984195617959 ], [ 436458.495927007228602, 492538.633911133452784 ], [ 436410.086342916940339, 492530.044813253800385 ], [ 436298.99178707919782, 492513.700600203068461 ], [ 436227.554777091019787, 492496.45150302775437 ], [ 436180.700253457995132, 492476.753236022719648 ], [ 436131.398996192379855, 492433.266189010231756 ], [ 436076.49629940855084, 492372.34407682728488 ], [ 436042.25033940281719, 492323.26157303067157 ], [ 436033.473690556420479, 492305.042508250975516 ], [ 436017.513652132183779, 492270.979883617721498 ], [ 435976.158001017116476, 492232.22945355437696 ], [ 435947.486627137986943, 492191.063213409972377 ], [ 435925.925115099700633, 492139.565447923960164 ], [ 435922.596011173503939, 492084.050407986680511 ], [ 435927.100659497722518, 491993.612319849780761 ], [ 435931.435826306988019, 491962.393808162771165 ], [ 435960.864752384251915, 491890.372632542042993 ], [ 436001.026876516814809, 491739.0961552093504 ], [ 436023.971988117496949, 491656.323535375122447 ], [ 436035.510520324751269, 491562.115754804748576 ], [ 436044.179563944169786, 491479.325419578060973 ], [ 436065.784466461685952, 491385.238125012896489 ], [ 436086.468053791555576, 491295.278811547148507 ], [ 436104.427767465123907, 491248.12774213438388 ], [ 436101.643697520485148, 491191.020029556762893 ], [ 436089.699444333906285, 491144.425652191974223 ], [ 436060.137101303203963, 491068.361205368069932 ], [ 436040.821868963248562, 490969.264869924983941 ], [ 436019.882475322519895, 490856.688579084235243 ], [ 436019.588490483758505, 490751.986287321720738 ], [ 436023.316282653948292, 490667.103021823044401 ], [ 436034.124926383199636, 490561.576120754354633 ], [ 436021.273567309544887, 490504.501695513608865 ], [ 435990.88039121608017, 490414.95455937681254 ], [ 435922.93576101702638, 490228.741902551380917 ], [ 435871.001877611735836, 490094.835826955852099 ], [ 435844.706315365212504, 490052.076560693909414 ], [ 435808.916607101040427, 490018.069162469997536 ], [ 435745.3250136548304, 489969.861406788870227 ], [ 435693.618122914049309, 489916.861871883738786 ], [ 435628.326647533976939, 489828.205441595811862 ], [ 435543.176376801566221, 489729.293096301727928 ], [ 435457.277376009034924, 489646.247022270050365 ], [ 435368.181102279457264, 489554.484689482022077 ], [ 435327.60122622892959, 489509.38507879525423 ], [ 435310.83296347851865, 489469.771671681839507 ], [ 435297.1841389805777, 489411.112590877804905 ], [ 435290.596391510800458, 489324.671281874703709 ], [ 435295.844655466964468, 489215.987006085633766 ], [ 435304.396801572700497, 489154.093047895876225 ], [ 435314.573061804519966, 489105.678591940493789 ], [ 435328.744086480000988, 489067.565417259582318 ], [ 435350.299397600931115, 489042.194393101905007 ], [ 435409.424364308128133, 488986.4321237441618 ], [ 435506.803972375637386, 488920.323652289167512 ], [ 435578.830025344097521, 488864.597650984243955 ], [ 435612.829000836645719, 488825.635521773539949 ], [ 435636.487478129332885, 488776.390566883725114 ], [ 435646.652648534160107, 488724.010492410394363 ], [ 435692.108450010768138, 488527.168157557200175 ], [ 435725.779521442484111, 488370.812440631503705 ], [ 435752.358335202094167, 488231.133945400593802 ], [ 435753.820605152985081, 488186.710230869182851 ], [ 435744.938198125455528, 488130.417211619904265 ], [ 435727.374870349769481, 488090.012745703163091 ], [ 435682.774035771144554, 488025.094348638958763 ], [ 435643.732315013126936, 487962.540117094584275 ], [ 435626.184413327893708, 487927.687921904958785 ], [ 435566.902096744743176, 487871.422057717456482 ], [ 435539.258308476710226, 487819.147494964126963 ], [ 435531.220062924723607, 487781.096104922064114 ], [ 435537.441689273691736, 487736.659048775502015 ], [ 435543.645677885273471, 487685.876798928016797 ], [ 435557.812690597376786, 487646.176845763693564 ], [ 435571.961867372272536, 487600.131094574928284 ], [ 435578.170352093700785, 487550.93505390372593 ], [ 435592.315272064995952, 487503.303267452865839 ], [ 435623.923837496782653, 487460.381874895247165 ], [ 435661.917896808183286, 487431.720445229962934 ], [ 435715.802403635287192, 487412.53330814698711 ], [ 435752.254190934530925, 487399.74033237551339 ], [ 435764.852468891534954, 487366.390743997413665 ], [ 435767.897016772476491, 487320.376362190349028 ], [ 435761.370183963852469, 487255.351395743899047 ], [ 435753.248130949505139, 487187.158420926367398 ], [ 435738.789129175245762, 487122.155646551749669 ], [ 435725.934376906312536, 487063.494242767745163 ], [ 435719.438515129790176, 487009.574469923099969 ], [ 435708.227644061786123, 486971.531855095585342 ], [ 435690.680047011293937, 486936.679445386049338 ], [ 435681.064362193748821, 486901.805550007615238 ], [ 435682.566955350863282, 486871.659160050621722 ], [ 435660.154131808143575, 486798.746615393669344 ], [ 435599.362838761357125, 486616.478355718660168 ], [ 435572.190854896092787, 486543.579101047012955 ], [ 435527.467027457314543, 486434.240717015520204 ], [ 435503.50316962134093, 486374.024010065477341 ], [ 435497.020743107132148, 486324.862996216397732 ], [ 435498.465970072953496, 486274.093544863630086 ], [ 435501.493260282848496, 486221.733426478109322 ], [ 435499.805315350997262, 486185.250761469418649 ], [ 435479.045239620143548, 486136.12956087233033 ], [ 435396.031908200995531, 485949.163199944130611 ], [ 435354.489903636393137, 485842.989216867135838 ], [ 435335.197371979360469, 485751.03059006377589 ], [ 435333.284833150159102, 485633.641012249223422 ], [ 435336.219586322025862, 485547.966298620391171 ], [ 435337.493210536486004, 485435.327282912679948 ], [ 435327.736905177589506, 485349.687880221987143 ], [ 435322.788398617180064, 485281.486054641834926 ], [ 435319.49663567339303, 485238.66190706047928 ], [ 435339.943778066430241, 485175.148194750421681 ], [ 435342.98441069573164, 485127.547268035821617 ], [ 435344.491659690160304, 485098.987742412369698 ], [ 435333.272305122227408, 485057.771886262169573 ], [ 435333.166694006999023, 485019.698392856633291 ], [ 435336.207485174003523, 484972.097665881563444 ], [ 435336.06671288626967, 484921.332407874753699 ], [ 435318.488668258709367, 484875.37512781022815 ], [ 435280.309333837823942, 484837.40699062042404 ], [ 435213.50433782057371, 484774.135577993409242 ], [ 435156.257374702719972, 484725.115437981847208 ], [ 435067.154769722721539, 484630.177356317290105 ], [ 435001.900929019553587, 484554.210094361042138 ], [ 434931.782498085172847, 484440.182257981796283 ], [ 434856.843221982649993, 484303.957863495743368 ], [ 434785.230674462392926, 484223.248706886835862 ], [ 434602.178494237479754, 484001.656926765223034 ], [ 434527.344980497146025, 483903.505584444210399 ], [ 434487.530985869874712, 483848.091038497630507 ], [ 434484.261628387961537, 483813.198682150861714 ], [ 434496.829901343851816, 483768.743992659496143 ], [ 434555.333995261695236, 483698.779565114527941 ], [ 434613.811679413774982, 483619.296707575151231 ], [ 434675.484215024742298, 483547.736937354435213 ], [ 434707.06320533429971, 483493.711378211621195 ], [ 434730.68816679273732, 483431.775567228556611 ], [ 434733.659227151714731, 483358.792133035603911 ], [ 434730.275858950626571, 483282.653046005347278 ], [ 434718.999917357752565, 483220.81384965806501 ], [ 434690.234052598534618, 483144.745408959279303 ], [ 434648.74634448235156, 483057.606466570461635 ], [ 434616.663094429473858, 482929.195261826273054 ], [ 434586.188245491241105, 482808.710998525551986 ], [ 434571.669530243438203, 482721.497912364255171 ], [ 434566.708834801451303, 482648.536310073453933 ], [ 434534.490233471908141, 482470.945725666242652 ], [ 434508.941188272612635, 482410.732059218804352 ], [ 434484.943614628631622, 482337.822928916255478 ], [ 434421.277045782771893, 482261.850262266467325 ], [ 434348.11837419035146, 482195.422195829683915 ], [ 434311.508282960974611, 482151.103202994621824 ], [ 434285.875382935919333, 482121.970989666180685 ], [ 434255.80879436514806, 482087.799959253636189 ], [ 434203.172797623381484, 481984.827333505672868 ], [ 434174.4030196214444, 481907.171698639227543 ], [ 434151.930843995476607, 481812.048049546487164 ], [ 434143.784526881296188, 481734.335680933843832 ], [ 434121.28177552431589, 481628.107002539443783 ], [ 434098.844740737229586, 481545.674792375823017 ], [ 434097.031093179015443, 481463.185488655697554 ], [ 434090.475725135183893, 481387.055183431191836 ], [ 434079.117426564567722, 481295.073852780857123 ], [ 434070.910261883807834, 481195.151112956518773 ], [ 434070.665709095774218, 481106.311901424429379 ], [ 434095.751584427547641, 480998.365745171322487 ], [ 434119.342591003747657, 480923.73884998698486 ], [ 434152.478274533641525, 480858.604347956017591 ], [ 434183.988405612995848, 480779.196523410500959 ], [ 434193.336880578135606, 480717.299777470936533 ], [ 434193.197221246082336, 480666.534752179228235 ], [ 434162.824099895718973, 480582.53748915361939 ], [ 434124.536473041633144, 480504.907863514730707 ], [ 434086.157228374446277, 480393.963477570330724 ], [ 434066.867482816393021, 480302.00369535270147 ], [ 434049.190281582006719, 480219.557989349821582 ], [ 434026.797491018369328, 480152.989478182862513 ], [ 433999.418752657307778, 480003.940539556904696 ], [ 433948.196177906007506, 479837.506256454566028 ], [ 433877.901866275118664, 479658.432726157130674 ], [ 433839.601500877412036, 479576.043499201303348 ], [ 433796.602825890120585, 479515.877107897948008 ], [ 433724.966068288893439, 479425.647190402843989 ], [ 433656.506309947930276, 479336.99484055954963 ], [ 433559.517282069777139, 479257.939075257163495 ], [ 433468.895614638808183, 479186.797990040970035 ], [ 433417.995325854513794, 479137.758166924642865 ], [ 433392.50392253807513, 479098.167287273216061 ], [ 433387.631545484589878, 479056.93322924990207 ], [ 433400.283908432815224, 479042.620848588761874 ], [ 433460.419995931093581, 478988.517268350929953 ], [ 433540.992794743971899, 478866.141367860778701 ], [ 433621.304956573701929, 478648.580061828775797 ], [ 433701.638951883651316, 478438.951193140994292 ], [ 433756.742518590239342, 478284.916677334345877 ], [ 433793.043570813955739, 478216.601092367898673 ], [ 433834.116768828127533, 478153.031656284583732 ], [ 433906.796969580464065, 478044.955381973762996 ], [ 433939.938194164889865, 477981.407648352731485 ], [ 433955.641865675570443, 477922.666898458322976 ], [ 433957.145855350769125, 477892.520533422532026 ], [ 433936.886003841413185, 477850.319085807481315 ], [ 433890.697951642679982, 477783.815283344942145 ], [ 433854.041183439781889, 477722.044724372099154 ], [ 433847.604466490156483, 477688.747554178175051 ], [ 433868.093571648641955, 477639.512094547622837 ], [ 433899.70911295391852, 477598.178722980024759 ], [ 433980.464712673099712, 477542.432951247261371 ], [ 434059.698826785024721, 477510.487979953351896 ], [ 434146.834672657772899, 477467.416412005084567 ], [ 434189.572475128865335, 477432.398239423055202 ], [ 434203.767963512043934, 477402.217362807423342 ], [ 434190.994279409700539, 477372.110146031947806 ], [ 434130.632528109650593, 477343.719494401826523 ], [ 434092.480617404857185, 477315.267754598811734 ], [ 434052.716267706127837, 477277.302097191510256 ], [ 434003.368429201596882, 477215.566169752331916 ], [ 433968.307099130761344, 477156.964381551428232 ], [ 433944.385301316215191, 477111.023210361308884 ], [ 433928.46039312123321, 477088.856442626856733 ], [ 433869.62445389747154, 477038.251304458070081 ], [ 433739.196263787685893, 476913.279540768591687 ], [ 433691.422016797587276, 476846.77947757212678 ], [ 433665.861754333716817, 476781.805781617178582 ], [ 433638.142941590631381, 476700.841366634354927 ], [ 433627.263867654488422, 476589.820412084285636 ], [ 433627.01894396613352, 476499.923740763100795 ], [ 433658.495025493146386, 476407.296165070380084 ], [ 433700.511245949193835, 476301.419208467879798 ], [ 433755.783825143007562, 476208.726788352010772 ], [ 433792.072595650213771, 476135.652476631163154 ], [ 433840.446201398444828, 476033.989065437344834 ], [ 433856.172200641129166, 475983.180718692485243 ], [ 433871.886597032891586, 475928.141644855437335 ], [ 433872.857818051707, 475896.410384678922128 ], [ 433876.244032686343417, 475854.208430877188221 ], [ 433852.51271869573975, 475804.452731419471093 ], [ 433830.210774134437088, 475770.669584751944058 ], [ 433789.946698064974044, 475743.281175541342236 ], [ 433749.745951368182432, 475739.160363146453165 ], [ 433665.16287642653333, 475748.909196231805254 ], [ 433601.72332920919871, 475755.427137746301014 ], [ 433541.439368168415967, 475755.591387483815197 ], [ 433508.604386148916092, 475737.701079829770606 ], [ 433449.19382434070576, 475670.174976973619778 ], [ 433385.578670680348296, 475612.179031912703067 ], [ 433338.845195874804631, 475539.330110276816413 ], [ 433320.747744191961829, 475496.017178702459205 ], [ 433293.022504705120809, 475412.539940671937075 ], [ 433273.841693698836025, 475359.711049743869808 ], [ 433264.17635153234005, 475305.798831991793122 ], [ 433256.617816541576758, 475248.7077647128026 ], [ 433245.874853980029002, 475187.394679484656081 ], [ 433239.43152851308696, 475151.452912964043207 ], [ 433217.135293819243088, 475119.784962061967235 ], [ 433172.611980150220916, 475081.831694889522623 ], [ 433136.572494120220654, 475052.316125703568105 ], [ 433096.29685442824848, 475020.696880003088154 ], [ 433078.251312398118898, 474996.420157552231103 ], [ 433069.712753162020817, 474967.887586217722856 ], [ 433066.465316896385048, 474940.398375778575428 ], [ 433055.722461757482961, 474879.085373746289406 ], [ 433049.089457707596011, 474773.340874996792991 ], [ 433048.810780378407799, 474670.752003567875363 ], [ 433056.93006862263428, 474544.872694512479939 ], [ 433062.045914384303614, 474481.401355074602179 ], [ 433059.807273400539998, 474435.929528076958377 ], [ 433050.176748777972534, 474394.708521924680099 ], [ 433036.33584009821061, 474360.902044816233683 ], [ 433007.599439853744116, 474294.349538190697785 ], [ 432971.479752501822077, 474235.220574833103456 ], [ 432936.222276664571837, 474172.298072193458211 ], [ 432929.911409776424989, 474116.879357014608104 ], [ 432947.778994314721785, 474075.583528950926848 ], [ 433055.437972833344247, 473994.912142409535591 ], [ 433133.47496867866721, 473911.148421739751939 ], [ 433233.733412907226011, 473831.554699672735296 ], [ 433302.329351171851158, 473776.372375177335925 ], [ 433415.327754065860063, 473714.724006182339508 ], [ 433573.783563633682206, 473645.549296708602924 ], [ 433661.396374511474278, 473582.912322166899685 ], [ 433731.032679946220014, 473521.38181479612831 ], [ 433775.33208967896644, 473476.841611450188793 ], [ 433830.204702918417752, 473431.215309704770334 ], [ 433844.928178382106125, 473400.504864772723522 ], [ 433828.834902653528843, 473315.938793647452258 ], [ 433807.44495390803786, 473228.214117645577062 ], [ 433786.032253531098831, 473132.028631753986701 ], [ 433740.328794010740239, 473048.600321457197424 ], [ 433730.773885855567642, 473036.817624333780259 ], [ 433687.27066269365605, 472983.171488961495925 ], [ 433670.195776801207103, 472959.875962917809375 ], [ 433641.624564489291515, 472920.895722603076138 ], [ 433589.632641478441656, 472858.636630829249043 ], [ 433494.553995522845071, 472803.807085348409601 ], [ 433341.810494674835354, 472718.991852329578251 ], [ 433238.530728746554814, 472678.899522655119654 ], [ 433164.444280057563446, 472652.18554622575175 ], [ 433081.41055218980182, 472634.467503015999682 ], [ 432966.946744418470189, 472605.619562789797783 ], [ 432888.2834713262273, 472545.274887901148759 ], [ 432847.700096767977811, 472466.884576354350429 ], [ 432804.910097282379866, 472401.957195372029673 ], [ 432764.387425703171175, 472345.995083719433751 ], [ 432723.882811071001925, 472296.761564586253371 ], [ 432665.496070265537128, 472270.005131058394909 ], [ 432582.47434718318982, 472256.772151817276608 ], [ 432483.831443196802866, 472272.738729018543381 ], [ 432391.892726341029629, 472279.71574906189926 ], [ 432308.931380072084721, 472288.91155872301897 ], [ 432194.497483743180055, 472271.277535813162103 ], [ 432106.97157944610808, 472251.32835384941427 ], [ 432010.41370201902464, 472208.974675858975388 ], [ 431958.761375678121112, 472184.442318396642804 ], [ 431916.104635691444855, 472168.857698572799563 ], [ 431860.099748077336699, 472193.680540609289892 ], [ 431786.19457552046515, 472234.251691498386208 ], [ 431696.595308033865876, 472277.1084043988958 ], [ 431645.058026469894685, 472295.190745401079766 ], [ 431618.119397540052887, 472286.291967557335738 ], [ 431557.483349021582399, 472257.298444327432662 ], [ 431463.040795614826493, 472167.838285404490307 ], [ 431399.967944196832832, 472067.07918308081571 ], [ 431323.492556268756744, 471986.541952107450925 ], [ 431238.069886517536361, 471915.000344120198861 ], [ 431186.3386612975155, 471861.31092644209275 ], [ 431166.013540401589125, 471809.779291438579094 ], [ 431147.683268622902688, 471666.284281061263755 ], [ 431129.486193385964725, 471572.132462463574484 ], [ 431111.28310669347411, 471475.737660595506895 ], [ 431099.699784920783713, 471338.952736733364873 ], [ 431074.889220773242414, 471287.433520579128526 ], [ 431009.682646828587167, 471227.051434191816952 ], [ 430951.186772811051924, 471159.9221842183033 ], [ 430887.775881753768772, 470933.561633027449716 ], [ 430867.330282637558412, 470837.172599128214642 ], [ 430864.779337229789235, 470722.792200335650705 ], [ 430848.946403700101655, 470673.491336361446884 ], [ 430812.921492745168507, 470622.001960341818631 ], [ 430738.822189695958514, 470590.801178067689762 ], [ 430601.886152109713294, 470546.311776190530509 ], [ 430429.015783513197675, 470483.9761177895125 ], [ 430348.16352594475029, 470443.821616880828515 ], [ 430251.617129456833936, 470405.952589193941094 ], [ 430199.910260161268525, 470361.233759497874416 ], [ 430177.354695256683044, 470314.193436181521975 ], [ 430159.282793710473925, 470258.237619551771786 ], [ 430116.189429028425366, 470200.636504044465255 ], [ 430009.313912109937519, 470178.003058408678044 ], [ 429936.183493622462265, 470166.662948528479319 ], [ 429846.167172807618044, 470160.928644095605705 ], [ 429784.282928662491031, 470155.228366463503335 ], [ 429722.459356647508685, 470098.889986687921919 ], [ 429643.763139708375093, 470036.905259492516052 ], [ 429570.679818912292831, 469986.17994548677234 ], [ 429508.829356673173606, 469952.347343407978769 ], [ 429458.225005887448788, 469924.154555363231339 ], [ 429379.515294107608497, 469873.422562636667863 ], [ 429300.805602400389034, 469822.690613773127552 ], [ 429216.456055867602117, 469783.204795112833381 ], [ 429137.70617800479522, 469766.231692820554599 ], [ 429059.003232782357372, 469709.873233025718946 ], [ 428980.2802961562993, 469670.394288614741527 ], [ 428907.170168117037974, 469642.174985711579211 ], [ 428862.205791442538612, 469602.736007847182918 ], [ 428789.109132931567729, 469563.264017899986356 ], [ 428749.764517954667099, 469529.458365076396149 ], [ 428716.066310979716945, 469478.780048844346311 ], [ 428676.741781905642711, 469428.095589383796323 ], [ 428648.64312946802238, 469399.929520205128938 ], [ 428609.311934242025018, 469354.871207557793241 ], [ 428603.752512297069188, 469298.600343180762138 ], [ 428603.893392243713606, 469180.445324289787095 ], [ 428604.000739911920391, 469090.422357791278046 ], [ 428598.448085904063191, 469028.525093556963839 ], [ 428598.521821819711477, 468966.634281023056246 ], [ 428581.756477828719653, 468870.965072689694352 ], [ 428581.850287751178257, 468792.195036900055129 ], [ 428565.064834240358323, 468713.405281362473033 ], [ 428548.252497420238797, 468657.121075010334607 ], [ 428537.066754305677023, 468600.843016349943355 ], [ 428542.760117326397449, 468544.585767864598893 ], [ 428509.081973249325529, 468477.028471025289036 ], [ 428458.504400277277455, 468426.33022527419962 ], [ 428430.51961369800847, 468302.51536120113451 ], [ 428379.968815037515014, 468229.31157250481192 ], [ 428351.957219731993973, 468128.00290264270734 ], [ 428329.558637739857659, 468037.953286810836289 ], [ 428312.766265863261651, 467964.789613106346224 ], [ 428267.828434669645503, 467902.845580354798585 ], [ 428234.143491232884116, 467840.914804334403016 ], [ 428172.33325767837232, 467773.323999873944558 ], [ 428138.654896563733928, 467705.766984359710477 ], [ 428099.370241467142478, 467621.32390373526141 ], [ 428088.237734750262462, 467520.034994629968423 ], [ 428099.584148820140399, 467441.278376161819324 ], [ 428161.554893727763556, 467373.835023757303134 ], [ 428195.353563732642215, 467340.116529337363318 ], [ 428232.305655840551481, 467307.671183603233658 ], [ 428276.764111861295532, 467216.559340169653296 ], [ 428266.969946473429445, 467164.805821658868808 ], [ 428173.06829426670447, 467154.418143155286089 ], [ 428032.44128411100246, 467126.11888916575117 ], [ 427899.906501785793807, 467115.09170419460861 ], [ 427780.438027553900611, 467089.078845502110198 ], [ 427599.300733598298393, 467046.834788498061243 ], [ 427489.792285933275707, 467019.319479947560467 ], [ 427391.025605621631257, 466981.702592135698069 ], [ 427210.284462131327018, 466886.362185589328874 ], [ 427056.355609827791341, 466813.371006213186774 ], [ 426938.805783452407923, 466712.26530456560431 ], [ 426846.982002468139399, 466631.483657824690454 ], [ 426810.340348156401888, 466574.467700124427211 ], [ 426775.247286195051856, 466503.169355115445796 ], [ 426754.386017003620509, 466414.381210337451193 ], [ 426730.169765247206669, 466257.383149712521117 ], [ 426722.034175832581241, 466181.253354150918312 ], [ 426736.130559226672631, 466112.996515391510911 ], [ 426772.475907602289226, 466058.958585684653372 ], [ 426821.555299849540461, 466020.751916365232319 ], [ 426911.832419993064832, 465963.397559204080608 ], [ 426964.089040593535174, 465926.76913861616049 ], [ 427024.328651579155121, 465909.156943836831488 ], [ 427064.01181103795534, 465916.9836532609188 ], [ 427132.289608759514522, 465939.012514902336989 ], [ 427251.321897106477991, 465956.146893505589105 ], [ 427308.397050026222132, 465941.716218442015816 ], [ 427347.961688951880205, 465905.121478391753044 ], [ 427377.944112461758777, 465844.755213344527874 ], [ 427393.601634059625212, 465766.975684716366231 ], [ 427391.816527701972518, 465692.41529335884843 ], [ 427393.183271236426663, 465609.914210527553223 ], [ 427399.313648894079961, 465528.987102978862822 ], [ 427421.30888401682023, 465448.01794064277783 ], [ 427452.797630077286158, 465357.50430663919542 ], [ 427466.839314385317266, 465268.623383436643053 ], [ 427458.700048041879199, 465190.907277668651659 ], [ 427428.417799209128134, 465138.633861779759172 ], [ 427374.312935137655586, 465076.904790888424031 ], [ 427317.073227424290963, 465029.462451148196124 ], [ 427218.348635578469839, 464893.28702791640535 ], [ 427195.99464856198756, 464839.406032633327413 ], [ 427179.944130380288698, 464769.643054459011182 ], [ 427178.016036627232097, 464641.142657242889982 ], [ 427174.65338771493407, 464569.759796354279388 ], [ 427179.315875839442015, 464533.258011786674615 ], [ 427191.834692657110281, 464468.178506220399868 ], [ 427199.61118012398947, 464409.457784213533159 ], [ 427188.370952727273107, 464358.720008163480088 ], [ 427175.578043242392596, 464320.678351132082753 ], [ 427145.350750752841122, 464289.028673849184997 ], [ 427084.980173262069002, 464257.459277972579002 ], [ 426991.289414772880264, 464224.391805485123768 ], [ 426864.286797624372412, 464192.999365171650425 ], [ 426751.587671791319735, 464171.087803573114797 ], [ 426597.589278227067553, 464130.247705179790501 ], [ 426511.834992661781143, 464098.745543273282237 ], [ 426451.413749748666305, 464048.13822927250294 ], [ 426411.612700796569698, 463995.889620633330196 ], [ 426362.259001242578961, 463930.974142582388595 ], [ 426284.382290307839867, 463878.826311232289299 ], [ 426249.395353344385512, 463847.189278364297934 ], [ 426220.695523839036468, 463793.324558221560437 ], [ 426184.06743017520057, 463741.06739242176991 ], [ 426134.802146017551422, 463709.468164052988868 ], [ 426082.351274331624154, 463673.117620840785094 ], [ 426033.04389890760649, 463625.653656911686994 ], [ 426013.854478685942013, 463568.590314786473755 ], [ 426001.027955324447248, 463517.856665173952933 ], [ 425978.493189987435471, 463395.755626649886835 ], [ 425965.649948937003501, 463338.675653768295888 ], [ 425946.481664046703372, 463289.544945577334147 ], [ 425920.963278860261198, 463238.844688229670282 ], [ 425898.61371096491348, 463186.549320364720188 ], [ 425890.534162457101047, 463131.043288364133332 ], [ 425890.366048855066765, 463067.583654516201932 ], [ 425891.755024758633226, 462993.014623694703914 ], [ 425891.624783479783218, 462943.833512489218265 ], [ 425885.194803527323529, 462912.120483640988823 ], [ 425862.824309594056103, 462851.892389273154549 ], [ 425803.8133498855168, 462734.647552161302883 ], [ 425730.456728984427173, 462592.056886695325375 ], [ 425649.432444808422588, 462549.435515073535498 ], [ 425431.755510080372915, 462426.264101505454164 ], [ 425185.441724573960528, 462273.024759241205174 ], [ 425053.489774802932516, 462170.25066642195452 ], [ 424916.774128611432388, 462065.902258477522992 ], [ 424818.101012488245033, 461948.761472212499939 ], [ 424756.009601573634427, 461866.4268862582976 ], [ 424700.201123008911964, 461760.278349374711979 ], [ 424668.269971560221165, 461684.209986506379209 ], [ 424660.274681490380317, 461660.433300359873101 ], [ 424658.616971587878652, 461633.467134145495947 ], [ 424669.647100166184828, 461604.880577557429206 ], [ 424677.487339396728203, 461569.956833598902449 ], [ 424669.517186387907714, 461555.699201487761457 ], [ 424645.639994154393207, 461525.618710325215943 ], [ 424569.232496471318882, 461429.043168316595256 ], [ 424456.335444255266339, 461332.563902509806212 ], [ 424273.523349079303443, 461195.019301566702779 ], [ 424173.3474615427549, 461109.611980790854432 ], [ 424114.437463016074616, 461030.441189205448609 ], [ 424069.320545123831835, 460967.628498770529404 ], [ 424017.363535556418356, 460918.054878648254089 ], [ 423962.264298391877674, 460880.123421190364752 ], [ 423888.124141162494197, 460841.184719497163314 ], [ 423795.995211799046956, 460799.12038729788037 ], [ 423718.653967879072297, 460749.613440358371008 ], [ 423678.356483184034005, 460709.527758079755586 ], [ 423634.866490388114471, 460662.046718856377993 ], [ 423604.04904145677574, 460607.128561391902622 ], [ 423592.283524016151205, 460557.448732084361836 ], [ 423583.691225184360519, 460507.760274430271238 ], [ 423582.491469903266989, 460453.821562152414117 ], [ 423573.915917203179561, 460410.47937353013549 ], [ 423563.258319937041961, 460379.834536176815163 ], [ 423545.21097739454126, 460354.497808696643915 ], [ 423505.965661752212327, 460312.294053497724235 ], [ 423458.225442871043924, 460257.42040764039848 ], [ 423408.330944197485223, 460187.744722001545597 ], [ 423344.622658221749589, 460093.778487541829236 ], [ 423296.80742150003789, 460010.347416676871944 ], [ 423265.9817893737345, 459952.256048170791473 ], [ 423245.724514161702245, 459890.96362066315487 ], [ 423245.607660449808463, 459846.541572883725166 ], [ 423251.825683295552153, 459797.871563296008389 ], [ 423264.35091471823398, 459734.377669146400876 ], [ 423265.238848883309402, 459669.856708117760718 ], [ 423261.857253237336408, 459590.539531502174214 ], [ 423280.734198929683771, 459529.144098720746115 ], [ 423315.467900942487177, 459464.534058883145917 ], [ 423395.548121015308425, 459349.036270220705774 ], [ 423429.293609514134005, 459310.871040216705296 ], [ 423455.685537441750057, 459291.763599796278868 ], [ 423463.047552938689478, 459275.878924797987565 ], [ 423460.879405221319757, 459255.788549238757696 ], [ 423448.156680949847214, 459244.187508370028809 ], [ 423412.14860376046272, 459226.301538093364798 ], [ 423353.870835221256129, 459186.262995561235584 ], [ 423284.966303265886381, 459127.213524339196738 ], [ 423177.899462133238558, 459035.476549324928783 ], [ 423132.305557444866281, 458992.230949919961859 ], [ 423112.104092590161599, 458952.09209251543507 ], [ 423111.937529001501389, 458888.631446540821344 ], [ 423120.279536069836468, 458843.129121552803554 ], [ 423133.918200890417211, 458800.786305867368355 ], [ 423140.145005501341075, 458755.289316031907219 ], [ 423144.234038442431483, 458701.336539597192314 ], [ 423135.625618270598352, 458645.301951289642602 ], [ 423104.680984311038628, 458541.730219173361547 ], [ 423089.712655325245578, 458480.423789544729516 ], [ 423084.327121774491388, 458443.418987289536744 ], [ 423094.820709903782699, 458411.660929905250669 ], [ 423149.634007382730488, 458340.652436502452474 ], [ 423203.40085100044962, 458273.877590425661765 ], [ 423253.98638629692141, 458203.937656230060384 ], [ 423232.724667421076447, 458162.743745375541039 ], [ 423217.792434651870281, 458115.18734190572286 ], [ 423194.235314619494602, 458005.250024598790333 ], [ 423187.73135303176241, 457944.979037695913576 ], [ 423211.963564771227539, 457895.065759977849666 ], [ 423233.557586590119172, 457846.554124805901665 ], [ 423235.101581433205865, 457798.095018486666959 ], [ 423241.623111585911829, 457736.25599780032644 ], [ 423248.149000091711059, 457676.08793240058003 ], [ 423264.713167929672636, 457620.906062564346939 ], [ 423277.97930414986331, 457582.441543206747156 ], [ 423282.913135765236802, 457552.353221847559325 ], [ 423276.142280871630646, 457518.953745109261945 ], [ 423254.346925742982421, 457490.605981169675943 ], [ 423187.364180340780877, 457433.971916663518641 ], [ 423158.837284364388324, 457387.262556748872157 ], [ 423133.608472793246619, 457323.835660697543062 ], [ 423088.294276484637521, 457247.094515324628446 ], [ 423032.915855264756829, 457155.341994255257305 ], [ 422996.056549358239863, 457117.008428211265709 ], [ 422955.929870272288099, 457107.088116045226343 ], [ 422904.133411613525823, 457107.223640184674878 ], [ 422854.700903139135335, 457105.682183062541299 ], [ 422825.576768931932747, 457091.214991790591739 ], [ 422816.266717530204915, 457070.085765445663128 ], [ 422814.83406650472898, 457027.781873928906862 ], [ 422817.346933487919159, 456977.535244778729975 ], [ 422805.326974212715868, 456931.292958711623214 ], [ 422745.514779938384891, 456809.815691770927515 ], [ 422701.719561995007098, 456746.468697331147268 ], [ 422668.604935348324943, 456722.757269599533174 ], [ 422613.03885521547636, 456708.359502427920233 ], [ 422554.866389983973932, 456708.511567556124646 ], [ 422470.262321993883234, 456712.698793739022221 ], [ 422373.790463863464538, 456728.816355140588712 ], [ 422270.732177556667011, 456754.205522222036961 ], [ 422183.521839018154424, 456772.942812836088706 ], [ 422106.839851414551958, 456773.143392206693534 ], [ 422010.243371303542517, 456741.665148170839529 ], [ 421936.098407659388613, 456700.873222187336069 ], [ 421913.539745571557432, 456669.201658637321088 ], [ 421897.501749073620886, 456603.137623735237867 ], [ 421872.064172897778917, 456481.5695782378898 ], [ 421850.744683985947631, 456418.163786307792179 ], [ 421814.913274377584457, 456366.694875573564786 ], [ 421773.841675007890444, 456333.749289745872375 ], [ 421731.434132370981388, 456295.518626315344591 ], [ 421700.866978592704982, 456234.781132574134972 ], [ 421659.740244169253856, 456180.68175492528826 ], [ 421579.191746542288456, 456219.233468118414748 ], [ 421530.339409056236036, 456244.481010939634871 ], [ 421472.20109868660802, 456257.854058820812497 ], [ 421425.93074234406231, 456259.296892709971871 ], [ 421377.005859858356416, 456256.780277719488367 ], [ 421324.076624745852314, 456239.730985617614351 ], [ 421257.919439467717893, 456220.071787395747378 ], [ 421197.092073808482382, 456216.264360699686222 ], [ 421111.154878149100114, 456216.488466842332855 ], [ 421018.586294614709914, 456208.797463308786973 ], [ 420974.932507236546371, 456199.656482118763961 ], [ 420944.472259296744596, 456179.904515119211283 ], [ 420914.053270608128514, 456176.017171545070596 ], [ 420875.739610381133389, 456186.69450979604153 ], [ 420818.964624294720124, 456215.929163886175957 ], [ 420787.25463484186912, 456223.944716827012599 ], [ 420746.244921558129136, 456214.79660138458712 ], [ 420686.63258441677317, 456170.000014866353013 ], [ 420613.699003134330269, 456086.896603914501611 ], [ 420524.893085421004798, 456001.190414143144153 ], [ 420438.738229883369058, 455918.121474550687708 ], [ 420385.722508056787774, 455868.01897087902762 ], [ 420347.239777499111369, 455813.912219168618321 ], [ 420320.65613783383742, 455759.774123660463374 ], [ 420284.748707534803543, 455679.217963392729871 ], [ 420271.434535563050304, 455643.555625213251915 ], [ 420267.39579454169143, 455615.801395703863818 ], [ 420269.93664595100563, 455576.130695905478206 ], [ 420285.512533672444988, 455465.031761940277647 ], [ 420285.319648067757953, 455390.993077200604603 ], [ 420282.482621166505851, 455316.961647479445674 ], [ 420268.862034522695467, 455163.630546390078962 ], [ 420257.865052585490048, 455002.359481096791569 ], [ 420241.68660854519112, 454882.088156458048616 ], [ 420212.311009922297671, 454771.106248761701863 ], [ 420176.335324966697954, 454664.107251508685295 ], [ 420164.343317663297057, 454628.440928298048675 ], [ 420148.433296141971368, 454611.295114115637261 ], [ 420100.761341718840413, 454582.332002261013258 ], [ 420065.026385957782622, 454567.881547181808855 ], [ 420021.382697107037529, 454562.706666420388501 ], [ 419971.13522135122912, 454560.192907817254309 ], [ 419943.353601462673396, 454553.6546846923884 ], [ 419834.853752309281845, 454520.883586600422859 ], [ 419777.968205435492564, 454507.810146941104904 ], [ 419742.250324473250657, 454499.970086989342235 ], [ 419713.184302449633833, 454507.978623457252979 ], [ 419678.840031986415852, 454519.96714153123321 ], [ 419641.875648103188723, 454541.217073707084637 ], [ 419596.99906429531984, 454570.42089333513286 ], [ 419565.336919730063528, 454596.945774276915472 ], [ 419537.654954738914967, 454628.748797419422772 ], [ 419520.487904159585014, 454636.726463586848695 ], [ 419500.652681643841788, 454635.455748070788104 ], [ 419449.048578033689409, 454619.724568107048981 ], [ 419398.766637396416627, 454603.98951492307242 ], [ 419340.723495550104417, 454608.938147733395454 ], [ 419305.909225531795528, 454612.779147395398468 ], [ 419264.668618913216051, 454617.708122131356504 ], [ 419186.568343374703545, 454663.98651622061152 ], [ 419107.975449769350234, 454726.87480330246035 ], [ 419076.953257696470246, 454746.778609230532311 ], [ 419036.780041240679566, 454750.097574991814326 ], [ 418996.59975710028084, 454750.73796987044625 ], [ 418967.140176858520135, 454753.493375165213365 ], [ 418939.873701475793496, 454775.530589022266213 ], [ 418876.763280961837154, 454817.48366410046583 ], [ 418843.592485205968842, 454835.249935509113129 ], [ 418816.280205908056814, 454839.607164781889878 ], [ 418778.227478669956326, 454834.348534082644619 ], [ 418706.923098724975716, 454815.782490492914803 ], [ 418661.877905661822297, 454799.827027481049299 ], [ 418630.220819542300887, 454781.693683295685332 ], [ 418610.323947709403001, 454753.349931735312566 ], [ 418589.841128825792111, 454705.720847919466905 ], [ 418584.861892986053135, 454645.192804792779498 ], [ 418589.476077283965424, 454565.352569317619782 ], [ 418585.483485509932507, 454472.140511915262323 ], [ 418586.710390122723766, 454325.874790600966662 ], [ 418595.037470932467841, 454231.559330696240067 ], [ 418610.323858723393641, 454135.082910728582647 ], [ 418629.958995484746993, 454062.704187761759385 ], [ 418654.445086019812152, 454001.56393998634303 ], [ 418707.651998427696526, 453859.449675427167676 ], [ 418729.417724293190986, 453782.243775568378624 ], [ 418734.614008248201571, 453720.082048335461877 ], [ 418732.805086603446398, 453642.401640593248885 ], [ 418720.342254552640952, 453588.322138357791118 ], [ 418681.012409886112437, 453503.774172432429623 ], [ 418634.234742906410247, 453439.604373012378346 ], [ 418596.673476536874659, 453417.199900163454004 ], [ 418494.25361766514834, 453382.640997668670025 ], [ 418440.08667595370207, 453361.351096318161581 ], [ 418406.814175179169979, 453340.006992385606281 ], [ 418385.839002594235353, 453308.987294357735664 ], [ 418343.396144760947209, 453263.557786272955127 ], [ 418320.326547653414309, 453251.294957954902202 ], [ 418264.054047512763645, 453244.475947401719168 ], [ 418204.572394063172396, 453239.808603923534974 ], [ 418146.707832604006398, 453238.886843665270135 ], [ 418072.74956242647022, 453229.970807495643385 ], [ 418016.439326414139941, 453208.6862388777663 ], [ 417931.145496548793744, 453167.118189659842756 ], [ 417915.571013809298165, 453152.692760698613711 ], [ 417867.254113905713893, 453114.778972147614695 ], [ 417835.57630065100966, 453088.608647154527716 ], [ 417811.36856829712633, 453050.632283703191206 ], [ 417790.918084107106552, 453015.324959170538932 ], [ 417768.878330143750645, 452986.986675181018654 ], [ 417753.889570859377272, 452991.847416416276246 ], [ 417713.765954235161189, 453014.453341778076719 ], [ 417659.768155655474402, 453058.526014658855274 ], [ 417642.629403595812619, 453060.713538866490126 ], [ 417620.108073815121315, 453053.2710701575852 ], [ 417569.664757931837812, 453021.7918048677966 ], [ 417500.439195320592262, 452978.574384374718647 ], [ 417394.157587081659585, 452901.16413694655057 ], [ 417261.533167108485941, 452788.997301028692164 ], [ 417208.920452806400135, 452747.343794785905629 ], [ 417185.859132272249553, 452738.295598128519487 ], [ 417124.180043883621693, 452712.738810209440999 ], [ 417086.100750591198448, 452697.300458383455407 ], [ 417074.273817670589779, 452681.793711781036109 ], [ 417032.265176453161985, 452597.251517229655292 ], [ 416992.936906352813821, 452513.238201408996247 ], [ 416974.568379407282919, 452454.351648039184511 ], [ 416971.119504827423953, 452363.816251724027097 ], [ 416974.754671282833442, 452319.338452997151762 ], [ 416954.254392949515022, 452264.743357602274045 ], [ 416920.800131550000515, 452173.214094586670399 ], [ 416909.395356960361823, 452113.77373461285606 ], [ 416895.342213881900534, 452066.127142669574823 ], [ 416884.402526690508239, 451979.36121392948553 ], [ 416878.427465625863988, 451947.766511023044586 ], [ 416848.880277225456666, 451916.768552088178694 ], [ 416815.046810040483251, 451885.781811493623536 ], [ 416734.431902146199718, 451789.016440513485577 ], [ 416687.114501282456331, 451723.239495928282849 ], [ 416644.115040487609804, 451669.774146688461769 ], [ 416640.871511198580265, 451658.531250961648766 ], [ 416642.376291469030548, 451618.880698954919353 ], [ 416652.858988004387356, 451528.844953438907396 ], [ 416662.693930005421862, 451395.413972318347078 ], [ 416669.776870585395955, 451233.594223967986181 ], [ 416673.346001412835903, 451163.399731682264246 ], [ 416659.885574636631645, 451137.717729473428335 ], [ 416626.507933774788398, 451075.654994487762451 ], [ 416593.657727701531257, 451010.376236724259797 ], [ 416573.636825499706902, 450933.813532859960105 ], [ 416535.848861532867886, 450823.542922095977701 ], [ 416509.427837047260255, 450758.247739912127145 ], [ 416485.221766557428055, 450720.806313767156098 ], [ 416479.672359053918626, 450716.666476544633042 ], [ 416448.719504095206503, 450693.576618435850833 ], [ 416345.687111380277202, 450629.549902359838597 ], [ 416265.705119840335101, 450570.28626742499182 ], [ 416221.714451286301482, 450547.89748978643911 ], [ 416190.616669131908566, 450538.869435235392302 ], [ 416139.708025612926576, 450534.714391163317487 ], [ 416043.816028888802975, 450538.711900076479651 ], [ 415868.644365930056665, 450548.271543032315094 ], [ 415764.168965832446702, 450548.005064775585197 ], [ 415740.604898512829095, 450551.816343447891995 ], [ 415727.760317174135707, 450557.207003611663822 ], [ 415682.827833302610088, 450585.182753923989367 ], [ 415635.208333333604969, 450609.950864736223593 ], [ 415584.363042921759188, 450630.441116977599449 ], [ 415563.479182144044898, 450634.781188345514238 ], [ 415458.459410739713348, 450631.30156683770474 ], [ 415417.202653421089053, 450630.336359528650064 ], [ 415389.333143761847168, 450626.657855941157322 ], [ 415249.401459489774425, 450589.514631088182796 ], [ 415083.7223674255074, 450540.651074899069499 ], [ 414962.542262710456271, 450503.459310270322021 ], [ 414903.578859547385946, 450492.360175341018476 ], [ 414853.216658837278374, 450492.489934384590015 ], [ 414798.598630313877948, 450504.417442204488907 ], [ 414701.725518702471163, 450543.778471249272116 ], [ 414645.523655642406084, 450564.818449431098998 ], [ 414612.859645453863777, 450571.867691638530232 ], [ 414583.385471646208316, 450569.264695913414471 ], [ 414547.469708582910243, 450561.856645299412776 ], [ 414516.921128755260725, 450558.185205599933397 ], [ 414486.929206883651204, 450562.54850553261349 ], [ 414463.378779331920668, 450571.717356933222618 ], [ 414417.908897060493473, 450599.158933429862373 ], [ 414373.489793126645964, 450618.561261349299457 ], [ 414329.575959413719829, 450626.175134927383624 ], [ 414279.179135999176651, 450612.91076186450664 ], [ 414237.335216338629834, 450592.12366427417146 ], [ 414207.517330625618342, 450577.292821493465453 ], [ 414157.748098044481594, 450572.522958515561186 ], [ 414037.339047381421551, 450593.809399702819064 ], [ 413872.862784913973883, 450680.502024736662861 ], [ 413773.792456554539967, 450811.260095800622366 ], [ 413754.457674045464955, 450879.036308637994807 ], [ 413761.160862558986992, 450972.319991443830077 ], [ 413752.779734986252151, 451048.101579311129171 ], [ 413735.940298608737066, 451119.681675826839637 ], [ 413704.029755347466562, 451172.802936642430723 ], [ 413606.374198146164417, 451187.863107579760253 ], [ 413456.083648028085008, 451195.492430192418396 ], [ 413341.420776429236867, 451271.285095358907711 ], [ 413245.797522864595521, 451330.40498245425988 ], [ 413095.601841592404526, 451435.324730415421072 ], [ 412967.965616099070758, 451555.190244537603576 ], [ 412915.536764463467989, 451734.853540159820113 ], [ 412908.182630510651506, 451899.505005815823097 ], [ 412893.122113464050926, 452063.08327763521811 ], [ 412870.634627872728743, 452108.322739883617032 ], [ 412781.675028758123517, 452115.297579998150468 ], [ 412687.940041590016335, 452071.114876070932951 ], [ 412653.628293225425296, 452062.630943129479419 ], [ 412632.69981922453735, 452049.826359733240679 ], [ 412608.513782881258521, 452020.421277057845145 ], [ 412588.04214705969207, 451977.075956022541504 ], [ 412552.539701024477836, 451922.518389242410194 ], [ 412524.623864769353531, 451901.159399327123538 ], [ 412496.201527744240593, 451891.053304473985918 ], [ 412468.878433759091422, 451891.659474723041058 ], [ 412409.430899720522575, 451900.921498561045155 ], [ 412347.321075262618251, 451916.619542047730647 ], [ 412271.805816615466028, 451928.0662866186467 ], [ 412188.785528574604541, 451937.924906821164768 ], [ 412138.954219550825655, 451936.446692515339237 ], [ 412086.424472947895993, 451927.473929213127121 ], [ 412016.21707344945753, 451919.618927760515362 ], [ 411956.754189896513708, 451922.987256184220314 ], [ 411910.682817708118819, 451925.249633247207385 ], [ 411873.732282870390918, 451932.310127457487397 ], [ 411838.397332157474011, 451942.581324057769962 ], [ 411801.471549150533974, 451959.285995570826344 ], [ 411755.500063105253503, 452000.124189242837019 ], [ 411730.401528518821578, 452032.335889673791826 ], [ 411705.325297633535229, 452073.120096409809776 ], [ 411678.676432850770652, 452127.302982883760706 ], [ 411659.522854078328237, 452179.323349392449018 ], [ 411626.412745340436231, 452221.199820685083978 ], [ 411607.702100368856918, 452237.321662972215563 ], [ 411586.289035954745486, 452244.342472334566992 ], [ 411555.756636147911195, 452247.10018621571362 ], [ 411511.282918680808507, 452245.608266949595418 ], [ 411439.991131695569493, 452232.933607493585441 ], [ 411412.122325822361745, 452229.791264012514148 ], [ 411400.877980964549351, 452232.499031316139735 ], [ 411334.559111571288668, 452278.212011046009138 ], [ 411236.16446916887071, 452351.333056263392791 ], [ 411212.104216616076883, 452370.683654174441472 ], [ 411195.524265755258966, 452381.978020259586629 ], [ 411164.480913375213277, 452394.381216958689038 ], [ 411069.221778148552403, 452436.954631890344899 ], [ 411002.350606361287646, 452476.240053261106368 ], [ 410945.092835753399413, 452503.713078701344784 ], [ 410920.459513069828972, 452508.599180329008959 ], [ 410878.672772641293705, 452510.314471732883248 ], [ 410810.624621887225658, 452508.883201312390156 ], [ 410727.044192267931066, 452509.635333868209273 ], [ 410694.34632968029473, 452503.82656736287754 ], [ 410643.953897177882027, 452492.705644968023989 ], [ 410580.740049479180016, 452496.083587598288432 ], [ 410512.193343599268701, 452509.120059214823414 ], [ 410460.797120341740083, 452524.255366333702113 ], [ 410409.384273859963287, 452532.960824737499934 ], [ 410361.705300471163355, 452535.227609037887305 ], [ 410312.392588925664313, 452527.318043213512283 ], [ 410272.721069471503142, 452518.312417838780675 ], [ 410238.431082628550939, 452518.401254945667461 ], [ 410203.620450695743784, 452524.385258460009936 ], [ 410174.191348142223433, 452539.463116084341891 ], [ 410100.84608921239851, 452561.620260596857406 ], [ 410046.243382537912112, 452579.978349598764908 ], [ 409960.032214348088019, 452599.489896354207303 ], [ 409918.849120115046389, 452627.457414039992727 ], [ 409891.592244379688054, 452653.781749783258419 ], [ 409866.459022508992348, 452672.599158863944467 ], [ 409836.484207598376088, 452683.928237664920744 ], [ 409808.626243417733349, 452685.072263276495505 ], [ 409776.484794209245592, 452687.298629807890393 ], [ 409748.135464739287272, 452705.588761314807925 ], [ 409729.423207647749223, 452721.175058926979546 ], [ 409688.814774404512718, 452764.143387365154922 ], [ 409649.851055965584237, 452821.573420304630417 ], [ 409627.946311626932584, 452845.740378193324432 ], [ 409571.761227296607103, 452873.747080773464404 ], [ 409519.301549694035202, 452892.099879655230325 ], [ 409455.040719209238887, 452905.125339482387062 ], [ 409344.706615344854072, 452919.877352209005039 ], [ 409268.650132939917967, 452929.718364991305862 ], [ 409174.353314930573106, 452930.498496561369393 ], [ 409114.355075716390274, 452934.404617709224112 ], [ 409093.471861650934443, 452939.280687823775224 ], [ 409068.868802545825019, 452955.954015814291779 ], [ 409056.048801029042806, 452970.989442993770353 ], [ 409044.361491090327036, 453009.596419751411304 ], [ 409032.667373740347102, 453045.52457023866009 ], [ 409010.75693299586419, 453067.548821004631463 ], [ 408982.39504544477677, 453081.016997713537421 ], [ 408935.776108335587196, 453078.994904957478866 ], [ 408853.717558083008043, 453047.05992924637394 ], [ 408792.542118129262235, 453010.249129234347492 ], [ 408761.967573824105784, 452996.933661946677603 ], [ 408737.31721313437447, 452995.390253929246683 ], [ 408680.007453591679223, 453003.039905700250529 ], [ 408603.961824753670953, 453017.167229762591887 ], [ 408516.695164457545616, 453043.111601674521808 ], [ 408455.694488681212533, 453073.809420512639917 ], [ 408393.605665334500372, 453098.080968773341738 ], [ 408343.259638912219089, 453105.177073890285101 ], [ 408295.559305071015842, 453099.406745564483572 ], [ 408261.274329883861355, 453101.638756523199845 ], [ 408229.165981581318192, 453116.724154914205428 ], [ 408166.605147628579289, 453165.643618295900524 ], [ 408128.63921795936767, 453194.675014716340229 ], [ 408100.246551827643998, 453196.3555303918547 ], [ 408054.698985288792755, 453194.330697024415713 ], [ 407988.741380964580458, 453173.07005890988512 ], [ 407870.209782706573606, 453126.227371000801213 ], [ 407765.135252156876959, 453103.460675063601229 ], [ 407726.550215692608617, 453100.346051278756931 ], [ 407627.490082082687877, 453124.17768534226343 ], [ 407568.022991073550656, 453126.474885435542092 ], [ 407418.488784583110828, 453108.109736836864613 ], [ 407316.130522527149878, 453099.802427187561989 ], [ 407228.214914920856245, 453082.349090916279238 ], [ 407167.64560287410859, 453072.861704115057364 ], [ 407096.853001733485144, 453046.791382274008356 ], [ 407015.326578739157412, 453013.783140817773528 ], [ 406936.459635962324683, 452973.2670745269279 ], [ 406869.452339451177977, 452960.581851707014721 ], [ 406852.033579134847969, 453061.892214720777702 ], [ 406846.306446763803251, 453126.202616495836992 ], [ 406849.031302314950153, 453143.876808587170672 ], [ 406848.581573999312241, 453177.097276444896124 ], [ 406845.972154889721423, 453203.894067327782977 ], [ 406843.355736451980192, 453228.011468317476101 ], [ 406834.837162599782459, 453248.929612767533399 ], [ 406824.206117430119775, 453281.640584257547744 ], [ 406812.508966568275355, 453316.497940643457696 ], [ 406805.628434504964389, 453349.199291423370596 ], [ 406807.845127502980176, 453377.590796758187935 ], [ 406816.543003563187085, 453425.789756497950293 ], [ 406827.378403471899219, 453471.840314855100587 ], [ 406841.961501887300983, 453516.809034087462351 ], [ 406863.493222632794641, 453555.330486984108575 ], [ 406888.782554982637521, 453596.521131818939466 ], [ 406911.330374868179206, 453613.608165112382267 ], [ 406946.732957839150913, 453629.054353065497708 ], [ 406961.222936771169771, 453638.125493224826641 ], [ 406977.871529059601016, 453653.084404212073423 ], [ 406985.94722861162154, 453668.065645528840832 ], [ 406994.592235881369561, 453695.90467027615523 ], [ 407015.052500469668303, 453734.428792944992892 ], [ 407042.518272043962497, 453788.472809512692038 ], [ 407061.872145886416547, 453813.605104509857483 ], [ 407073.155859027756378, 453825.899222307431046 ], [ 407098.912763277068734, 453840.83438187657157 ], [ 407112.335378862393554, 453851.515717614616733 ], [ 407125.231979497184511, 453865.94844388164347 ], [ 407133.839314545039088, 453879.320993259898387 ], [ 407142.453735835733823, 453895.372438128630165 ], [ 407145.200936959125102, 453921.619571487710346 ], [ 407148.458824857836589, 453938.220510519109666 ], [ 407152.768747683963738, 453947.317872205865569 ], [ 407188.218691915972158, 453980.980988609022461 ], [ 407218.292606015689671, 454007.692641147878021 ], [ 407236.016801118967123, 454024.256050123891328 ], [ 407275.186630502459593, 454046.121877213940024 ], [ 407298.275703745370265, 454065.350522600056138 ], [ 407340.729894301504828, 454113.997893189371098 ], [ 407369.794822812953498, 454164.82267870643409 ], [ 407394.052986423892435, 454221.553703075915109 ], [ 407417.75582858803682, 454270.785124435496982 ], [ 407443.067574955406599, 454320.548410246090498 ], [ 407450.106602206011303, 454348.927124566223938 ], [ 407462.543943898461293, 454392.829854015260935 ], [ 407471.190419561578892, 454421.20450694183819 ], [ 407482.55494938621996, 454464.574438352370635 ], [ 407488.03815244307043, 454512.781464408675674 ], [ 407486.528276733297389, 454550.290917465812527 ], [ 407480.697351349052042, 454574.416817888035439 ], [ 407479.159657238516957, 454601.210673210967798 ], [ 407480.288361753628124, 454623.175274099223316 ], [ 407486.274019999545999, 454658.522074255859479 ], [ 407494.38890066742897, 454688.505458375497255 ], [ 407496.057579345593695, 454712.076066270528827 ], [ 407500.412128780386411, 454738.318599421181716 ], [ 407513.890615052601788, 454770.431121667672414 ], [ 407520.929774744843598, 454798.809865220158827 ], [ 407531.759852549410425, 454842.716907104011625 ], [ 407525.892668988904916, 454852.912485915061552 ], [ 407520.571087528776843, 454866.856749456666876 ], [ 407519.015143015421927, 454886.685149375000037 ], [ 407518.544978950172663, 454911.868939807580318 ], [ 407516.975286819797475, 454926.33924068021588 ], [ 407509.51041964313481, 454940.289417956082616 ], [ 407496.140699555398896, 454949.968531894148327 ], [ 407466.698741191066802, 454960.224991013586987 ], [ 407433.500631597125903, 454968.348447009222582 ], [ 407392.802908373007085, 454977.027078073471785 ], [ 407368.713242379832081, 454985.126807317428757 ], [ 407346.777890462661162, 454997.506973435229156 ], [ 407319.497132108255755, 455014.723750617995393 ], [ 407292.202537047094665, 455026.582230668922421 ], [ 407252.580443281214684, 455036.865290951624047 ], [ 407205.461552721913904, 455048.775459040363785 ], [ 407176.530183740658686, 455049.386390867875889 ], [ 407126.161651232047006, 455047.910204906889703 ], [ 407109.563302010821644, 455052.239726917643566 ], [ 407088.70783678634325, 455067.832070892385673 ], [ 407069.483543097623624, 455092.528766027069651 ], [ 407057.234265031584073, 455120.95798710064264 ], [ 407039.659032561001368, 455161.723966432211455 ], [ 407016.742848615860566, 455208.933794333133847 ], [ 407014.112727118597832, 455227.69330700970022 ], [ 407014.707086675800383, 455250.19542769389227 ], [ 407018.023687089094892, 455289.299854320008308 ], [ 407017.575918344140518, 455323.056269938359037 ], [ 407013.928616116987541, 455362.714706127648242 ], [ 407007.020448819966987, 455384.700250233931001 ], [ 406986.717619452392682, 455406.72071497439174 ], [ 406940.190303905110341, 455440.06104544136906 ], [ 406882.977789982804097, 455485.217209079128224 ], [ 406836.465763938496821, 455524.451397163560614 ], [ 406799.03564763214672, 455553.481835649290588 ], [ 406764.262284154305235, 455573.932917147292756 ], [ 406732.153791241755243, 455589.018553121306468 ], [ 406701.649848786648363, 455603.029191175766755 ], [ 406681.864665973291267, 455618.082615390536375 ], [ 406659.958548451540992, 455641.71472300082678 ], [ 406633.265276247169822, 455678.754327073111199 ], [ 406605.50597368349554, 455717.939893087546807 ], [ 406565.447253141843248, 455766.266130571893882 ], [ 406551.035310560837388, 455787.199695650837384 ], [ 406554.294768167950679, 455804.336632325139362 ], [ 406554.864025121205486, 455817.194390754797496 ], [ 406550.093680821708404, 455837.031487903092057 ], [ 406540.498278309765738, 455855.809413520095404 ], [ 406527.738425321644172, 455893.883959059545305 ], [ 406518.170944738201797, 455923.377919082937296 ], [ 406517.148406147258356, 455942.133616706065368 ], [ 406519.379601579741575, 455975.883082396816462 ], [ 406528.043097882240545, 456010.687070187123027 ], [ 406535.068514520127792, 456033.707939239451662 ], [ 406536.730353311111685, 456054.599950938369147 ], [ 406535.166381067479961, 456071.213632572907954 ], [ 406531.447932312672492, 456083.546580708993133 ], [ 406523.429237984411884, 456090.532864955370314 ], [ 406517.567719288344961, 456102.871715172426775 ], [ 406509.06623730622232, 456130.219293707050383 ], [ 406503.797810759511776, 456164.524086401623208 ], [ 406502.293801348947454, 456204.177192625240423 ], [ 406502.922048741544131, 456239.537961971072946 ], [ 406501.404120558057912, 456273.832898254331667 ], [ 406503.063231747073587, 456293.652974952070508 ], [ 406505.279210027016234, 456321.508656544727273 ], [ 406514.458954903995618, 456348.810370434948709 ], [ 406527.386514579586219, 456375.031002964358777 ], [ 406542.457240990421269, 456401.245539880241267 ], [ 406560.755416169529781, 456432.273836532200221 ], [ 406571.527151631657034, 456453.677526389597915 ], [ 406575.862629679846577, 456472.419229911582079 ], [ 406579.708227299910504, 456508.843350901966915 ], [ 406581.914427231356967, 456532.948326807643753 ], [ 406587.851451101130806, 456549.542715371353552 ], [ 406597.555888161063194, 456572.556566298822872 ], [ 406611.557854930637404, 456599.845962881867308 ], [ 406637.358595909841824, 456631.390319622005336 ], [ 406649.202047484461218, 456652.791132444981486 ], [ 406658.9063748663757, 456675.804996438266244 ], [ 406666.478921756264754, 456703.110999128024559 ], [ 406668.685096769477241, 456727.216088917921297 ], [ 406671.9712962617632, 456754.5333862939151 ], [ 406677.926639288139995, 456778.092418645392172 ], [ 406683.894516620959621, 456806.474209559790324 ], [ 406683.441371950204484, 456838.087291683827061 ], [ 406675.484279370866716, 456868.648518170637544 ], [ 406656.846344024233986, 456912.63254717073869 ], [ 406640.353017629531678, 456957.146791499573737 ], [ 406632.956891086127143, 456997.35106984374579 ], [ 406631.442014589440078, 457032.717660551366862 ], [ 406634.205082926433533, 457064.858062948216684 ], [ 406610.146176445763558, 457084.745461720100138 ], [ 406590.90952584677143, 457104.620324793329928 ], [ 406569.010563111747615, 457130.9315285665798 ], [ 406550.876295812544413, 457162.590863780467771 ], [ 406533.810763403656892, 457193.175963124318514 ], [ 406519.966966538631823, 457226.431856721872464 ], [ 406512.568190654739738, 457265.564364258840214 ], [ 406507.841355981305242, 457302.010647450748365 ], [ 406507.360280942171812, 457322.908058147761039 ], [ 406515.966685349412728, 457335.744811784068588 ], [ 406528.32775029563345, 457350.179087735828944 ], [ 406549.801447557169013, 457366.196816578565631 ], [ 406567.516244161175564, 457379.009275682852603 ], [ 406570.210647118394263, 457384.896129583998118 ], [ 406567.562494669458829, 457396.690842611948028 ], [ 406549.394655538431834, 457415.490940373565536 ], [ 406537.092465371184517, 457423.560176318220329 ], [ 406515.681785654625855, 457431.653308139590081 ], [ 406500.71592830051668, 457445.622962628258392 ], [ 406494.328528873622417, 457461.713634100044146 ], [ 406494.376218946301378, 457479.930611321353354 ], [ 406496.555801529320888, 457493.855665767390747 ], [ 406501.951631745090708, 457508.308057846326847 ], [ 406502.543613432382699, 457529.73849142488325 ], [ 406544.13313113397453, 457696.058217856741976 ], [ 406601.970794103806838, 457831.773824622039683 ], [ 406662.89184257236775, 457947.623722427291796 ], [ 406678.675493513175752, 457988.342862210294697 ], [ 406685.022822493570857, 458017.58982968959026 ], [ 406677.406680948508438, 458060.855714481440373 ], [ 406643.93822870135773, 458106.348855288000777 ], [ 406614.820306814857759, 458150.587179866619408 ], [ 406593.783424338791519, 458192.937878002412617 ], [ 406570.284834439633414, 458245.246962893987074 ], [ 406549.313183332211338, 458312.477462718787137 ], [ 406530.183086127741262, 458370.373436553170905 ], [ 406518.415835790685378, 458389.686249799095094 ], [ 406511.066079799318686, 458433.244842357118614 ], [ 406492.580860797432251, 458499.847141440550331 ], [ 406466.630131202400662, 458565.846575821458828 ], [ 406452.422273787204176, 458603.203773132816423 ], [ 406449.413554583094083, 458641.775324503600132 ], [ 406455.711806295672432, 458671.614826809673104 ], [ 406463.283411823678762, 458712.646477177680936 ], [ 406467.106729487888515, 458747.468125746469013 ], [ 406464.096354015055113, 458785.41802242945414 ], [ 406457.33109772001626, 458814.669490559899714 ], [ 406440.60765547916526, 458841.459125788416713 ], [ 406460.622275730711408, 458883.702205973269884 ], [ 406466.989199263160117, 458939.665242432733066 ], [ 406475.178027529851533, 458978.829617055598646 ], [ 406503.299848420312628, 459029.13753277057549 ], [ 406530.208895595569629, 459091.2665669330745 ], [ 406544.661681684374344, 459147.207829713996034 ], [ 406549.198668943834491, 459216.859394975414034 ], [ 406541.947183710464742, 459297.73789825924905 ], [ 406547.115903912403155, 459371.11987746268278 ], [ 406564.078117488941643, 459435.140802850597538 ], [ 406588.41588181455154, 459465.554663935326971 ], [ 406613.991067356721032, 459493.477365452679805 ], [ 406627.750112856272608, 459522.052749836235307 ], [ 406638.374545129947364, 459541.306808705674484 ], [ 406668.902868344099261, 459560.508369507268071 ], [ 406724.328681576764211, 459586.486681117326953 ], [ 406750.507886070525274, 459607.565479662676807 ], [ 406773.5984912031563, 459636.738425976713188 ], [ 406804.19857434759615, 459683.307802492810879 ], [ 406824.141599042341113, 459698.183072895742953 ], [ 406845.927594795124605, 459704.345688986475579 ], [ 406877.045164407929406, 459711.106142267875839 ], [ 406895.102468546654563, 459718.522303678386379 ], [ 406916.896578828862403, 459727.794908836425748 ], [ 406933.102706199919339, 459740.81424990989035 ], [ 406947.423208558466285, 459746.374373204016592 ], [ 406977.293538232159335, 459751.893765961751342 ], [ 406995.977770737838, 459761.17458557226928 ], [ 407012.195251442142762, 459778.547735643689521 ], [ 407034.108810381614603, 459833.225536652549636 ], [ 407050.38858121226076, 459874.234276600414887 ], [ 407069.751999421860091, 459905.283201220503543 ], [ 407099.712281310756225, 459945.011887633532751 ], [ 407110.374568600789644, 459978.571645961783361 ], [ 407134.769629178801551, 460030.754789500846528 ], [ 407156.671786458406132, 460081.078654287266545 ], [ 407164.207663622801192, 460108.42645378538873 ], [ 407165.528618494456168, 460137.656828351900913 ], [ 407176.873465083306655, 460194.22822934249416 ], [ 407186.355559701914899, 460252.048811492160894 ], [ 407195.791794449905865, 460292.453379646816757 ], [ 407198.389521790028084, 460334.120179940189701 ], [ 407205.992646583123133, 460386.969770725117996 ], [ 407212.875460795126855, 460402.50130909436848 ], [ 407235.345659510814585, 460432.297708127705846 ], [ 407247.842781683197245, 460454.034561260719784 ], [ 407252.869529667310417, 460473.303210635203868 ], [ 407252.916974458610639, 460491.340694717364386 ], [ 407265.397803979867604, 460506.857673108985182 ], [ 407290.321533947717398, 460523.585897001496051 ], [ 407307.788040602579713, 460542.821781566424761 ], [ 407315.921435405674856, 460560.838230713619851 ], [ 407312.868790385429747, 460582.615962989977561 ], [ 407301.727048466564156, 460603.171116637764499 ], [ 407292.479190408950672, 460634.295002824510448 ], [ 407295.044178717653267, 460663.521866395371035 ], [ 407317.524352526990697, 460697.050461395003367 ], [ 407344.384618251817301, 460740.519373495597392 ], [ 407353.789815910102334, 460769.105893113650382 ], [ 407363.262232157052495, 460823.19431247015018 ], [ 407368.382440951187164, 460877.916118217865005 ], [ 407373.442094385798555, 460909.624362826172728 ], [ 407394.725813486089464, 460961.193836065940559 ], [ 407437.224309946002904, 461038.208852683834266 ], [ 407458.531034641724546, 461098.485782878764439 ], [ 407506.724382768094074, 461212.183291014458518 ], [ 407521.778544918284751, 461260.037245276616886 ], [ 407529.977619800949469, 461302.93281069531804 ], [ 407531.361087304656394, 461355.798498838557862 ], [ 407538.900520032737404, 461384.390227658092044 ], [ 407555.127989478525706, 461405.495030712336302 ], [ 407597.521649039583281, 461442.702826143242419 ], [ 407659.257722329522949, 461502.872964691719972 ], [ 407713.546330819837749, 461569.282821861619595 ], [ 407764.129209784034174, 461645.654165618063416 ], [ 407809.112815882079303, 461721.418323494785 ], [ 407836.009428117075004, 461778.57042941916734 ], [ 407858.568445604527369, 461841.954252894560341 ], [ 407879.197520305053331, 461881.084883982781321 ], [ 407902.271868353127502, 461904.037599235656671 ], [ 407942.177567347243894, 461941.251437822007574 ], [ 407972.100436992826872, 461966.674060400924645 ], [ 407992.074564360722434, 461993.367029939894564 ], [ 408007.721281752921641, 462030.022972290578764 ], [ 408018.363979343383107, 462056.118394499761052 ], [ 408038.961973180237692, 462083.431528973625973 ], [ 408072.053718443145044, 462131.237515760061797 ], [ 408085.821327994694002, 462162.922437437577173 ], [ 408114.567598094115965, 462213.84964740590658 ], [ 408142.645640832546633, 462247.363072254694998 ], [ 408169.453557534376159, 462270.92765286215581 ], [ 408186.324506220058538, 462300.116593874699902 ], [ 408197.618961519037839, 462337.406050632707775 ], [ 408200.817737547913566, 462370.985003829468042 ], [ 408192.881552724167705, 462427.607148526003584 ], [ 408189.87701748253312, 462467.422736378910486 ], [ 408198.026982065814082, 462491.658674640289973 ], [ 408221.12929615523899, 462525.1847532686661 ], [ 408241.115151901554782, 462556.231352692120709 ], [ 408262.399308690801263, 462607.800369020726066 ], [ 408271.83607819234021, 462648.204503570566885 ], [ 408276.321513414208312, 462697.951956716307905 ], [ 408278.404860019567423, 462780.049064525868744 ], [ 408283.431891689484473, 462799.317290012550075 ], [ 408307.764996859245002, 462827.86450784112094 ], [ 408346.428584616398439, 462865.703417032200377 ], [ 408377.002944440871943, 462902.320154351764359 ], [ 408383.295326278079301, 462929.670679479604587 ], [ 408384.676008241251111, 462981.292108727793675 ], [ 408387.975282716390211, 463052.812194427940995 ], [ 408404.881033952231519, 463095.062848946254235 ], [ 408432.37683200230822, 463143.505168136383872 ], [ 408462.949642609222792, 463179.499308174243197 ], [ 408492.283454328542575, 463217.362866472045425 ], [ 408532.250359963683877, 463277.589931111549959 ], [ 408578.442009248770773, 463339.666320181917399 ], [ 408615.869868073612452, 463380.618327198841143 ], [ 408656.414274807204492, 463424.050259280775208 ], [ 408673.905639551114291, 463452.615315238712355 ], [ 408683.336009353050031, 463490.531434457749128 ], [ 408693.411450878134929, 463537.154132775205653 ], [ 408701.04023374785902, 463599.332548526523169 ], [ 408703.62375538260676, 463635.40087961149402 ], [ 408696.237571804202162, 463664.653943817189429 ], [ 408673.95662504946813, 463706.386454157240223 ], [ 408666.545616680406965, 463726.309465083177201 ], [ 408667.877148081781343, 463759.271291688666679 ], [ 408671.049749755242374, 463782.898649918846786 ], [ 408670.493685916240793, 463807.779479816090316 ], [ 408653.865215094119776, 463870.022680937370751 ], [ 408649.013046545325778, 463916.684462983510457 ], [ 408652.195569758478086, 463944.043499875464477 ], [ 408667.812928640691098, 463969.503711469005793 ], [ 408689.654937063343823, 463996.813348669267725 ], [ 408728.287238286109641, 464022.834385522291996 ], [ 408757.596520171617158, 464051.36788643791806 ], [ 408768.841758838447277, 464069.997370254364796 ], [ 408767.022049849911127, 464087.418164970586076 ], [ 408757.139606233977247, 464113.567630121717229 ], [ 408752.206763883121312, 464129.75262848084094 ], [ 408755.357838955300394, 464145.293680891569238 ], [ 408773.466445081226993, 464171.991126608976629 ], [ 408824.013903628685512, 464234.677649860095698 ], [ 408895.778164269577246, 464323.431394157349132 ], [ 408913.221748922253028, 464333.958921913814265 ], [ 408936.872029570862651, 464339.494083950878121 ], [ 408967.360708156600595, 464343.766657694999594 ], [ 408999.111580470809713, 464354.878127847216092 ], [ 409020.311841079848818, 464374.725695496948902 ], [ 409040.3326841032831, 464418.833588918205351 ], [ 409053.508300017332658, 464461.715620219300035 ], [ 409059.211908702389337, 464501.507396558707114 ], [ 409058.718932790507097, 464550.023626770882402 ], [ 409030.952776993974112, 464634.065831102489028 ], [ 408998.245663161564153, 464731.182693776325323 ], [ 408977.230615905718878, 464780.997471407055855 ], [ 408967.313575392065104, 464794.08558340521995 ], [ 408939.976028726145159, 464805.354114099929575 ], [ 408913.257241663872264, 464815.376909832528327 ], [ 408889.62351797131123, 464816.061624985595699 ], [ 408875.949737106449902, 464819.830095016513951 ], [ 408857.943762744718697, 464831.695621520804707 ], [ 408843.057430889224634, 464847.284907828608993 ], [ 408824.434405095234979, 464861.018323896685615 ], [ 408797.128347595920786, 464884.10434308659751 ], [ 408774.856025228509679, 464928.946747071458958 ], [ 408766.212774898915086, 464953.22737120219972 ], [ 408762.006134600029327, 465008.595340444939211 ], [ 408761.61751734430436, 465096.296586750017013 ], [ 408757.935226306784898, 465114.966007158625871 ], [ 408746.80570128216641, 465139.875195202301256 ], [ 408720.186189334490336, 465187.217128045507707 ], [ 408641.518756512436084, 465309.336122757580597 ], [ 408590.751096684893128, 465397.793933755834587 ], [ 408575.294233750086278, 465432.66620005806908 ], [ 408551.781379395339172, 465478.756211599393282 ], [ 408537.517079810728319, 465494.343617421691306 ], [ 408516.387967920396477, 465501.24176212027669 ], [ 408488.42838166304864, 465512.512059595610481 ], [ 408470.447222225251608, 465533.707528627535794 ], [ 408453.748018978803884, 465569.205425208201632 ], [ 408451.933372968283948, 465588.492162955692038 ], [ 408457.030262746382505, 465633.883608147269115 ], [ 408464.658016385044903, 465695.440074739395641 ], [ 408460.967564802558627, 465710.999640990863554 ], [ 408441.71254430670524, 465721.00296619371511 ], [ 408426.179595105408225, 465727.264011086081155 ], [ 408413.139398167026229, 465735.384537896432448 ], [ 408411.309828380297404, 465749.073309563740622 ], [ 408420.064120638533495, 465766.465643082803581 ], [ 408430.058934942702763, 465782.610751980682835 ], [ 408437.582505095168017, 465804.982188884518109 ], [ 408432.657922240905464, 465824.277325125702191 ], [ 408426.482812372792978, 465841.087312539864797 ], [ 408426.547427875746507, 465865.344842379214242 ], [ 408439.064989537233487, 465894.544865595467854 ], [ 408456.6772239865968, 465921.684451155073475 ], [ 408464.047197601990774, 465933.041626287216786 ], [ 408492.762876182969194, 465972.150459857017267 ], [ 408505.862789326813072, 465986.421299551613629 ], [ 408509.005900734628085, 465998.852751744794659 ], [ 408504.696660233312286, 466015.657640724442899 ], [ 408490.442515493952669, 466034.977376033260953 ], [ 408473.68872207874665, 466049.949769642320462 ], [ 408464.403777061786968, 466066.768251776404213 ], [ 408464.448466792237014, 466083.562137398228515 ], [ 408469.465757225174457, 466099.098102219635621 ], [ 408473.240819778060541, 466115.259829293005168 ], [ 408473.444843040197156, 466191.764014327083714 ], [ 408471.167580647103023, 466270.762545786448754 ], [ 408470.139204355946276, 466351.623965164762922 ], [ 408472.779826036770828, 466408.839719347306527 ], [ 408480.965244707651436, 466446.137289888516534 ], [ 408492.880933178472333, 466482.802911852486432 ], [ 408502.955498452764004, 466528.803471674385946 ], [ 408506.77537049993407, 466561.75850154843647 ], [ 408507.51858003938105, 466607.161674514121842 ], [ 408503.901149721932597, 466650.088381019420922 ], [ 408496.520379393245094, 466681.207682080799714 ], [ 408493.490147355594672, 466711.071273258130532 ], [ 408489.187830128765199, 466730.364295127394143 ], [ 408486.129335821140558, 466749.654120958293788 ], [ 408488.048436630808283, 466769.552830571425147 ], [ 408499.292383539606817, 466787.560195343219675 ], [ 408517.994988435355481, 466803.682207812962588 ], [ 408529.850913740752731, 466817.956104212731589 ], [ 408536.138919599354267, 466843.441104766214266 ], [ 408536.807398565928452, 466860.854764189396519 ], [ 408538.074480464390945, 466869.559547900746111 ], [ 408544.32105884043267, 466879.49448321381351 ], [ 408549.331795577891171, 466892.542726270155981 ], [ 408551.892805923591368, 466919.903401091869455 ], [ 408553.92156576924026, 466980.852963923360221 ], [ 408552.752282902190927, 467008.845482213480864 ], [ 408552.21343999914825, 467039.946318081289064 ], [ 408567.797933100024238, 467052.966429101419635 ], [ 408578.398341437918134, 467062.89019806223223 ], [ 408578.421489540953189, 467071.59777817100985 ], [ 408575.338214560528286, 467081.557865331938956 ], [ 408556.730211063404568, 467100.88909836311359 ], [ 408552.424458231078461, 467118.938391946081538 ], [ 408554.970570862467866, 467140.701105677348096 ], [ 408564.978938478976488, 467161.822006306203548 ], [ 408594.293591767898761, 467192.221181389060803 ], [ 408631.720696045493241, 467232.550331243197434 ], [ 408666.042869563330896, 467274.753864944912493 ], [ 408695.397411098412704, 467320.080394217628054 ], [ 408716.027705909742508, 467359.210538139392156 ], [ 408719.796181071433239, 467372.884260741237085 ], [ 408722.957548721984494, 467392.157349411514588 ], [ 408721.273016154882498, 467459.958643566933461 ], [ 408727.554360509268008, 467482.95534035784658 ], [ 408736.917407951608766, 467495.370086656475905 ], [ 408751.874936982640065, 467506.525854448205791 ], [ 408781.149791099247523, 467521.997390815289691 ], [ 408807.916558713768609, 467530.011546234833077 ], [ 408823.501038599177264, 467543.031817573762964 ], [ 408834.118182041973341, 467559.175067414296791 ], [ 408854.124683769943658, 467597.684698966157157 ], [ 408866.652563925017603, 467630.616396233206615 ], [ 408877.289533223316539, 467654.223521729232743 ], [ 408897.889782740152441, 467682.157990933977999 ], [ 408920.961345953517593, 467703.865949563507456 ], [ 408932.193769283010624, 467717.519467010279186 ], [ 408947.803256816463545, 467739.869226197421085 ], [ 408967.136258889397141, 467759.09910457598744 ], [ 408983.352764581155498, 467775.849199344986118 ], [ 408997.690025954507291, 467787.628763522487134 ], [ 409030.713320269132964, 467809.31014785869047 ], [ 409060.631777404632885, 467832.865302561607677 ], [ 409073.738261092687026, 467849.623980008182116 ], [ 409091.845664393098559, 467875.69898193818517 ], [ 409096.246134564862587, 467893.102738595800474 ], [ 409101.965632616658695, 467938.492321464116685 ], [ 409105.133719568431843, 467960.253519764868543 ], [ 409110.784850479045417, 467979.108982487523463 ], [ 409130.675134648859967, 468000.47563250613166 ], [ 409151.346161860739812, 468017.080067351344042 ], [ 409171.238596460432746, 468039.239971517410595 ], [ 409186.364809781603981, 468059.032346335821785 ], [ 409211.015164790907875, 468080.386114088527393 ], [ 409231.717842875106726, 468108.890645146835595 ], [ 409245.268011884239968, 468132.653959106537513 ], [ 409252.467514762887731, 468154.847883785609156 ], [ 409254.128444029018283, 468182.610075424483512 ], [ 409248.636763914837502, 468205.631040763575584 ], [ 409247.137300463218708, 468238.16140312544303 ], [ 409251.941809707321227, 468254.8082616108004 ], [ 409270.232790577691048, 468271.419283879396971 ], [ 409286.943528444331605, 468290.414344854594674 ], [ 409296.51445519522531, 468309.42835126403952 ], [ 409299.740762717148755, 468329.253196415840648 ], [ 409300.61067052022554, 468357.810192484932486 ], [ 409302.25038181320997, 468377.639136740821414 ], [ 409310.234708650852554, 468396.657446844503284 ], [ 409327.764166103675961, 468425.170224361587316 ], [ 409362.015188641031273, 468476.644523469323758 ], [ 409382.720070352777839, 468505.942369931552093 ], [ 409399.449927647481672, 468532.077179504849482 ], [ 409405.853994831792079, 468553.479541263717692 ], [ 409409.082426602602936, 468574.097349256160669 ], [ 409416.269195313798264, 468591.531334621249698 ], [ 409429.800284917117096, 468608.15499269508291 ], [ 409452.866064370027743, 468630.306205442990176 ], [ 409464.797675285197329, 468642.173986417241395 ], [ 409475.944629045610782, 468657.217502550280187 ], [ 409495.866986605047714, 468690.483569046249613 ], [ 409508.65361489757197, 468725.355561123345979 ], [ 409528.631187519989908, 468779.247955099970568 ], [ 409545.363265871594194, 468806.176157973241061 ], [ 409566.042754948488437, 468825.953809983562678 ], [ 409597.807334369921591, 468837.768541770521551 ], [ 409622.406633307808079, 468840.082633089390583 ], [ 409641.448411384481005, 468840.825057773326989 ], [ 409653.365294354502112, 468847.139434706710745 ], [ 409664.507850233232602, 468860.596084264398087 ], [ 409674.871984399680514, 468879.60821343754651 ], [ 409680.518863444216549, 468914.499071846657898 ], [ 409680.610457147820853, 468948.611809104215354 ], [ 409687.807832281512674, 468970.0122725374531 ], [ 409700.588082421571016, 469002.504378974263091 ], [ 409712.53041578218108, 469018.338638512650505 ], [ 409725.251173860160634, 469028.61782101431163 ], [ 409744.297154825937469, 469030.946561220858712 ], [ 409761.739574420324061, 469026.933112090569921 ], [ 409772.867202107328922, 469034.836646123032551 ], [ 409787.193772357772104, 469052.251272189954761 ], [ 409800.739868694276083, 469074.4279344031238 ], [ 409806.341955626849085, 469092.659316320088692 ], [ 409815.912925828539301, 469111.673519710486289 ], [ 409830.247974401339889, 469132.261348093859851 ], [ 409854.096462704706937, 469150.443790334858932 ], [ 409894.630110161262564, 469178.101364810368977 ], [ 409918.495663912384771, 469202.63040694699157 ], [ 409939.192213509988505, 469228.754632924275938 ], [ 409948.778092187363654, 469253.32179756090045 ], [ 409953.623080345336348, 469285.041570907225832 ], [ 409956.856029002286959, 469307.245852527034003 ], [ 409966.422695899789687, 469324.673285770695657 ], [ 409990.271183224627748, 469342.855666956747882 ], [ 410018.105416599020828, 469368.167270168312825 ], [ 410038.797665316611528, 469392.704831405426376 ], [ 410057.93313517892966, 469428.352773743565194 ], [ 410072.302372628299054, 469461.633740673598368 ], [ 410081.158694810117595, 469510.002753761189524 ], [ 410087.707639143918641, 469585.350875248957891 ], [ 410091.859659887850285, 469654.358538731292356 ], [ 410091.207056425337214, 469706.719529702735599 ], [ 410093.678550110780634, 469740.825716850231402 ], [ 410100.067800131684635, 469756.675059168192092 ], [ 410111.22327282524202, 469774.891594002954662 ], [ 410136.686187216546386, 469803.382806276727933 ], [ 410158.965090717771091, 469827.915848686825484 ], [ 410180.459313832165208, 469855.624138293613214 ], [ 410190.829900713404641, 469877.016227817628533 ], [ 410202.814934435882606, 469908.716582276683766 ], [ 410213.232540556811728, 469947.561472434026655 ], [ 410227.682882226305082, 470010.988302787649445 ], [ 410242.93930147116771, 470079.172801269334741 ], [ 410254.97559167817235, 470129.912977010069881 ], [ 410270.980558511684649, 470181.436204505327623 ], [ 410285.420220614701975, 470240.896223832911346 ], [ 410302.286902808584273, 470317.802935225598048 ], [ 410315.909830348391552, 470368.539063375268597 ], [ 410335.066938388918061, 470412.120067847368773 ], [ 410359.800527587067336, 470464.412757337384392 ], [ 410386.088813712412957, 470504.801424382196274 ], [ 410417.158392202341929, 470553.11037394934101 ], [ 410432.276181234512478, 470569.729192514263559 ], [ 410456.133263657975476, 470591.084587919875048 ], [ 410497.447646075161174, 470613.979831720760558 ], [ 410528.425241652526893, 470628.176129179017153 ], [ 410555.453495683323126, 470648.729836636572145 ], [ 410577.715426858980209, 470666.916328953870106 ], [ 410596.823302616830915, 470692.250844127498567 ], [ 410614.350989260070492, 470719.96969649521634 ], [ 410650.977988195372745, 470769.850578067882452 ], [ 410687.609359030320775, 470821.317384289635811 ], [ 410737.737597131519578, 470876.714626315631904 ], [ 410760.797156157554127, 470896.485531538492069 ], [ 410790.983560434309766, 470911.4772876764182 ], [ 410832.261539108643774, 470920.885953667922877 ], [ 410865.61057518736925, 470931.902705839544069 ], [ 410887.849003242095932, 470941.362483777746093 ], [ 410900.567599360947497, 470950.848015011812095 ], [ 410914.883589341421612, 470964.295837014855351 ], [ 410934.757024874095805, 470979.315404526016209 ], [ 410959.403204266214743, 470999.081969371472951 ], [ 410990.385024179529864, 471014.864774670510087 ], [ 411049.92626935581211, 471030.571044025418814 ], [ 411095.19845406326931, 471050.281661591550801 ], [ 411136.51700022444129, 471074.763197484659031 ], [ 411161.949939609679859, 471092.147797831799835 ], [ 411185.005056331981905, 471110.331867983448319 ], [ 411203.300449183851015, 471128.528764190734364 ], [ 411223.205953785451129, 471155.448186716123018 ], [ 411255.066624261206016, 471202.960979813360609 ], [ 411270.201515430526342, 471225.926464442163706 ], [ 411288.496905361127574, 471244.123380825854838 ], [ 411310.750223234936129, 471259.13640086108353 ], [ 411340.160524814971723, 471280.476636826002505 ], [ 411359.265547793358564, 471304.753549717424903 ], [ 411370.969204849563539, 471330.108276652812492 ], [ 411375.260103583510499, 471352.309522180818021 ], [ 411379.596662401396316, 471391.434640629740898 ], [ 411378.635803303448483, 471427.401277528260835 ], [ 411383.96453247620957, 471442.195466371602379 ], [ 411396.694627088378184, 471455.911752273153979 ], [ 411428.498308639216702, 471482.269973166112322 ], [ 411441.248332030314486, 471503.390580269158818 ], [ 411446.60267919319449, 471527.704239189333748 ], [ 411447.757440213172231, 471563.665095973410644 ], [ 411441.530751118727494, 471608.107367158751003 ], [ 411428.966246780473739, 471655.740532414696645 ], [ 411425.850047126645222, 471676.903741170302965 ], [ 411435.435463449335657, 471701.206519912288059 ], [ 411455.598215671954677, 471725.480044742464088 ], [ 411481.035506738466211, 471744.451177874056157 ], [ 411505.417971541348379, 471764.482636108936276 ], [ 411518.165222312847618, 471784.545498284394853 ], [ 411535.186144751729444, 471820.463594315631781 ], [ 411554.325457095052116, 471857.432982205180451 ], [ 411576.589625561900903, 471876.412478947488125 ], [ 411623.190344529226422, 471898.49977603147272 ], [ 411628.467146843089722, 471933.204971052589826 ], [ 411628.612907353206538, 471987.149682484217919 ], [ 411628.792776138754562, 472053.787890059349593 ], [ 411635.359176692960318, 472135.216984961181879 ], [ 411656.722617512510624, 472212.375186953169759 ], [ 411662.117172024096362, 472251.497845452686306 ], [ 411652.694643436232582, 472287.486775219498668 ], [ 411629.509967123158276, 472319.281850736879278 ], [ 411590.456226415699348, 472350.062473719066475 ], [ 411555.636229338007979, 472381.888890464324504 ], [ 411541.97425761987688, 472414.716236443142407 ], [ 411534.650101198989432, 472444.353405737550929 ], [ 411542.125656753196381, 472470.776771547156386 ], [ 411562.285776024451479, 472493.993022524984553 ], [ 411672.382860086509027, 472527.543338656949345 ], [ 411734.861219412880018, 472553.818603265506681 ], [ 411770.901787590817548, 472582.280255394114647 ], [ 411794.258069818955846, 472613.949832279293332 ], [ 411807.043082957621664, 472648.027590734011028 ], [ 411815.133559648646042, 472706.182060904218815 ], [ 411811.270619935705326, 472744.536159704846796 ], [ 411795.568958575313445, 472805.399311800254509 ], [ 411793.035490647249389, 472846.394245209521614 ], [ 411797.091395304829348, 472879.438065946102142 ], [ 411822.373879142978694, 472938.868011288403068 ], [ 411872.813433055882342, 473011.452016460651066 ], [ 411900.733080112957396, 473068.230719262966886 ], [ 411915.366511400963645, 473101.24588824424427 ], [ 411915.438051695295144, 473127.689400083268993 ], [ 411915.563387329806574, 473173.965746137080714 ], [ 411922.396133680013008, 473255.923243343189824 ], [ 411927.860257740598172, 473320.695648688590154 ], [ 411935.897247907938436, 473359.017253058438655 ], [ 411953.142815996834543, 473380.125599224003963 ], [ 411969.112770438427106, 473418.425842494762037 ], [ 411986.616224195575342, 473534.731020580395125 ], [ 411992.130657608737238, 473618.014304698852357 ], [ 411997.61995477497112, 473692.041920564312022 ], [ 412005.68560984643409, 473740.940927007817663 ], [ 412020.312043644953519, 473771.311577706248499 ], [ 412046.82731575681828, 473797.683765146648511 ], [ 412097.120182227808982, 473816.057825223077089 ], [ 412148.703079938073643, 473822.529377253667917 ], [ 412214.801234889309853, 473818.383290620520711 ], [ 412258.458161945338361, 473827.520194897137117 ], [ 412322.001502362894826, 473856.436156001931522 ], [ 412371.079680439899676, 473914.479370286630001 ], [ 412391.037803018523846, 473960.701721584191546 ], [ 412397.738417191256303, 473993.738396826200187 ], [ 412396.530813401623163, 474036.051710562838707 ], [ 412383.506325884198304, 474108.807163693534676 ], [ 412381.027048878837377, 474169.634201038163155 ], [ 412394.445989932864904, 474242.318161751434673 ], [ 412410.426918320299592, 474284.584773343987763 ], [ 412434.312129247526173, 474316.252367193577811 ], [ 412470.09703487996012, 474347.887727061519399 ], [ 412513.778962853422854, 474366.280071185319684 ], [ 412536.317008801153861, 474388.696030263847206 ], [ 412552.262041554378811, 474417.740584623999894 ], [ 412568.246580894454382, 474461.329249147966038 ], [ 412588.176091248111334, 474496.97410687658703 ], [ 412613.458959310024511, 474556.40383999486221 ], [ 412626.874427955248393, 474627.765422703523654 ], [ 412633.682799925212748, 474700.467195130127948 ], [ 412633.779655501653906, 474736.165820935682859 ], [ 412606.139764193503652, 474782.517687938932795 ], [ 412578.499766593507957, 474828.869040957943071 ], [ 412558.800031897379085, 474877.843275408842601 ], [ 412532.453445627586916, 474913.613765982212499 ], [ 412487.592921870411374, 474948.112618014274631 ], [ 412432.176407298713457, 474990.573017400049139 ], [ 412425.651807970833033, 475022.323271704139188 ], [ 412417.862529036065098, 475075.232047323370352 ], [ 412416.676768730569165, 475125.477957700728439 ], [ 412420.733173744287342, 475158.521646716224495 ], [ 412436.685536563512869, 475190.210850315692369 ], [ 412439.444951693818439, 475232.513573231990449 ], [ 412430.383749159867875, 475303.935869075532537 ], [ 412406.753609875333495, 475366.14289890951477 ], [ 412369.905290824710391, 475429.708113583968952 ], [ 412285.508919928921387, 475511.91325088380836 ], [ 412205.043153765436728, 475580.885945770365652 ], [ 412087.552747148554772, 475648.636981858697254 ], [ 411981.922246975125745, 475701.812017603777349 ], [ 411899.993859175941907, 475719.223807167843916 ], [ 411839.263564906432293, 475752.443678060546517 ], [ 411802.328865777875762, 475784.27653590857517 ], [ 411783.926158758520614, 475823.99236709746765 ], [ 411782.722857476095669, 475867.628124877985101 ], [ 411794.798820191877894, 475932.382535028096754 ], [ 411824.120812042849138, 476018.244939048192464 ], [ 411846.716678683296777, 476061.815845835022628 ], [ 411853.428366317471955, 476098.818989084800705 ], [ 411856.169935735757463, 476134.510614825529046 ], [ 411852.235874576261267, 476146.420848658599425 ], [ 411837.699075426033232, 476149.104913146060426 ], [ 411762.320360431680456, 476144.021352821437176 ], [ 411733.23962821031455, 476146.744990215462167 ], [ 411722.690971222124062, 476157.35124495573109 ], [ 411716.15924231975805, 476186.457445635693148 ], [ 411728.127258640539367, 476211.54631949152099 ], [ 411778.607947170792613, 476298.67365220724605 ], [ 411807.91577118699206, 476379.247129242867231 ], [ 411813.355718069127761, 476434.76433156960411 ], [ 411779.126874734414741, 476489.067415166005958 ], [ 411759.398597849882208, 476527.464898619742598 ], [ 411743.633277926477604, 476564.529013896826655 ], [ 411729.164994152088184, 476592.334539487957954 ], [ 411702.807821888360195, 476624.13913649978349 ], [ 411647.341251903562807, 476648.089727448008489 ], [ 411613.007667243247852, 476664.049503762391396 ], [ 411581.369066953076981, 476698.512840752722695 ], [ 411555.029999978782143, 476736.928462975134607 ], [ 411541.927042590163182, 476780.596243771200534 ], [ 411540.749151692318264, 476833.487391162314452 ], [ 411546.236303546756972, 476906.19293917651521 ], [ 411555.726094154175371, 476992.109468399023172 ], [ 411566.534419489442371, 477076.70039512537187 ], [ 411587.837349220644683, 477130.852240889100358 ], [ 411618.334125549765304, 477162.501783711544704 ], [ 411643.563730373047292, 477202.098370062594768 ], [ 411695.273282347829081, 477254.845072723750491 ], [ 411758.867921260243747, 477302.270477951737121 ], [ 411770.803640441328753, 477315.459378833882511 ], [ 411772.165513886953704, 477330.00020609277999 ], [ 411755.089082020102069, 477371.034356460964773 ], [ 411728.869360594311729, 477453.081741522822995 ], [ 411715.7305651193019, 477483.528468693373725 ], [ 411717.208102971897461, 477540.378518374229316 ], [ 411700.193072249472607, 477603.889941624831408 ], [ 411683.131138960306998, 477650.213527130894363 ], [ 411638.332329768396448, 477707.189941861666739 ], [ 411610.707378720864654, 477758.830882746318821 ], [ 411609.518864460522309, 477807.755364994227421 ], [ 411617.5784692177549, 477854.009972325642593 ], [ 411664.209033945575356, 477983.457265298929997 ], [ 411688.834490037814248, 478058.283399099076632 ], [ 411714.468656844983343, 478098.514554180321284 ], [ 411728.005187400383875, 478136.092150582640897 ], [ 411736.142509666329715, 478164.281207710388117 ], [ 411763.189964714110829, 478230.032462703180499 ], [ 411809.125498714623973, 478325.286967606225517 ], [ 411837.490618883748539, 478381.631053824094124 ], [ 411868.619584154163022, 478466.178458551235963 ], [ 411905.078022501780652, 478534.591108862310648 ], [ 411952.213725746842101, 478577.450123882561456 ], [ 411987.288299386273138, 478631.089075793221127 ], [ 412023.647436848259531, 478663.230879706854466 ], [ 412068.066773467231542, 478695.350094562163576 ], [ 412080.226973572454881, 478720.841014451812953 ], [ 412103.67840853513917, 478794.033447597699706 ], [ 412109.056935671309475, 478826.808942839037627 ], [ 412132.611247471126262, 478930.404104768182151 ], [ 412143.336411914031487, 478984.3197558739339 ], [ 412156.174313949188218, 479037.172029250534251 ], [ 412174.280573656433262, 479082.605647254385985 ], [ 412181.762996971723624, 479111.144445013662335 ], [ 412173.38794745283667, 479142.899817974539474 ], [ 412108.179165973386262, 479278.47085833462188 ], [ 412090.354123259196058, 479335.638194761704654 ], [ 412077.855465384782292, 479406.542026682989672 ], [ 412079.133720535202883, 479441.242164844356012 ], [ 412081.283958896179684, 479499.614576915628277 ], [ 412078.276238863589242, 479559.914416838728357 ], [ 412066.817974287550896, 479624.468762952077668 ], [ 412045.747307538171299, 479655.201309377327561 ], [ 412018.324374064512085, 479683.835789523960557 ], [ 411962.371344155049883, 479723.126310025923885 ], [ 411942.361248935339972, 479754.913605403446127 ], [ 411928.78187157236971, 479817.358434708497953 ], [ 411930.092198618105613, 479909.379237121960614 ], [ 411954.559769871120807, 479960.083887507440522 ], [ 412014.057667714427225, 480056.176069705572445 ], [ 412032.146677575656213, 480095.26309021707857 ], [ 412033.288763291435316, 480125.934845088515431 ], [ 412043.985201570321806, 480169.273363179585431 ], [ 412075.886023004539311, 480230.535086248302832 ], [ 412092.885467752465047, 480257.989975831937045 ], [ 412117.265790331526659, 480276.962474495754577 ], [ 412113.235478123126086, 480349.958548604510725 ], [ 412121.863134119543247, 480410.226641129876953 ], [ 412132.568395159032661, 480456.738132672966458 ], [ 412135.898541512433439, 480513.847674215736333 ], [ 412137.13656685204478, 480579.424832901160698 ], [ 412143.590615578868892, 480618.543566180800553 ], [ 412162.731808445299976, 480655.512321317975875 ], [ 412188.257182417321019, 480706.214045061322395 ], [ 412218.016452894487884, 480757.962289294810034 ], [ 412255.206201972090639, 480819.209512416447978 ], [ 412276.419236055924557, 480840.306239972414915 ], [ 412319.882638501585461, 480875.092062205541879 ], [ 412350.624066539457999, 480899.335711910040118 ], [ 412362.419306583586149, 480957.479775743675418 ], [ 412371.157649958855473, 481057.941709107952192 ], [ 412365.067386599432211, 481151.040365890308749 ], [ 412354.588873934349976, 481187.032779591274448 ], [ 412335.657390054664575, 481226.221551382914186 ], [ 412288.143437652208377, 481257.027014551742468 ], [ 412241.658070667297579, 481277.252281996479724 ], [ 412223.734729617834091, 481298.456589761131909 ], [ 412218.542199391289614, 481333.376840057841036 ], [ 412168.898054575722199, 481358.899341422482394 ], [ 412132.929009451705497, 481356.882830507471226 ], [ 412080.053460033494048, 481361.259421606431715 ], [ 412036.715162086766213, 481371.956370946834795 ], [ 411982.834372173703741, 481395.37523869558936 ], [ 411956.460680747637525, 481420.833927267231047 ], [ 411949.126378870918415, 481446.240205476875417 ], [ 411949.251602408709005, 481491.723226929665543 ], [ 411960.018533081631176, 481560.447564590373076 ], [ 411980.354082386649679, 481695.549001562758349 ], [ 411980.468429063912481, 481737.051151018182281 ], [ 411958.793607413186692, 481798.272780392435379 ], [ 411917.483862642780878, 481868.286035262339283 ], [ 411882.615815049735829, 481897.871016786491964 ], [ 411806.293469279713463, 481945.044730774825439 ], [ 411759.420534702774603, 481977.939175386913121 ], [ 411723.481305722438265, 482015.1724707329995 ], [ 411702.826520449074451, 482050.178932568116579 ], [ 411674.538539519824553, 482089.575550470966846 ], [ 411596.128311986394692, 482171.704869276029058 ], [ 411554.794461177894846, 482232.981088351632934 ], [ 411519.995651961071417, 482287.685918230272364 ], [ 411497.147557707561646, 482319.421941550681368 ], [ 411485.166711062134709, 482331.469017282943241 ], [ 411470.968548315169755, 482331.508316107501741 ], [ 411450.214390425011516, 482330.473217720456887 ], [ 411432.78176892711781, 482345.811902438348625 ], [ 411415.397519392194226, 482378.625293882680126 ], [ 411408.967979904497042, 482423.422217515355442 ], [ 411422.197639140707906, 482468.165093284915201 ], [ 411393.900637398823164, 482504.285034338769037 ], [ 411360.136799200321548, 482538.235818433342502 ], [ 411330.738569603476208, 482571.082676429941785 ], [ 411281.711447422334459, 482614.905252104217652 ], [ 411223.950022539473139, 482659.843975619529374 ], [ 411176.015057212265674, 482703.663311692129355 ], [ 411141.168040901015047, 482740.894054156262428 ], [ 411112.852991295105312, 482770.460804433387239 ], [ 411091.075885426369496, 482794.54886578861624 ], [ 410950.233892550051678, 482812.412762693536934 ], [ 410897.845676136668772, 482825.663617888581939 ], [ 410870.589617066434585, 482843.213805231731385 ], [ 410843.40290480630938, 482885.884172040445264 ], [ 410815.184409857727587, 482950.40095503453631 ], [ 410807.641784259991255, 482987.555970953078941 ], [ 410812.197529607044999, 483055.258531781495549 ], [ 410823.351741906255484, 483139.3257780658314 ], [ 410834.469673376937862, 483210.287168884358834 ], [ 410871.739382954780012, 483259.332446278771386 ], [ 410923.346270262845792, 483358.578015924838837 ], [ 410939.864849306002725, 483407.680576708167791 ], [ 410932.352479308727197, 483455.757377378351521 ], [ 410898.742783619323745, 483545.409224186558276 ], [ 410889.052152711199597, 483595.676472736056894 ], [ 410889.176113988447469, 483640.455720443744212 ], [ 410903.631174025009386, 483733.25106995832175 ], [ 410904.928800555295311, 483807.515923284110613 ], [ 410893.129474346817005, 483885.093514850072097 ], [ 410859.541248683643062, 483982.390696370741352 ], [ 410807.425236932118423, 484093.937641361204442 ], [ 410783.621220916509628, 484174.825106544361915 ], [ 410770.708733133214992, 484244.760776490089484 ], [ 410746.88965411594836, 484320.187172792677302 ], [ 410748.124162620864809, 484371.516388041025493 ], [ 410753.802931084821466, 484450.137854162079748 ], [ 410751.745567499077879, 484496.015175607055426 ], [ 410732.177298117778264, 484528.834998850361444 ], [ 410702.7914217269863, 484566.050709170405753 ], [ 410685.398401530343108, 484595.588119838386774 ], [ 410682.215694597107358, 484629.454391688981559 ], [ 410684.494012012379244, 484663.305871914722957 ], [ 410709.747211373120081, 484711.291820842481684 ], [ 410766.691722300020047, 484765.743115275807213 ], [ 410824.707142040191684, 484812.54603615734959 ], [ 410864.137498790631071, 484852.847510697785765 ], [ 410919.980738128360827, 484904.025428973254748 ], [ 411026.12770535342861, 484977.998982243996579 ], [ 411061.164967172080651, 485009.575051974446978 ], [ 411086.406224420701619, 485053.192553931789007 ], [ 411118.418692412844393, 485175.427842233388219 ], [ 411126.360861703637056, 485282.439522725529969 ], [ 411117.802349779987708, 485346.901909145643003 ], [ 411087.421752748428844, 485419.070204872579779 ], [ 411021.041853816539515, 485506.629069108399563 ], [ 410996.067440840939526, 485559.123467149271164 ], [ 410968.972441362333484, 485634.55890697427094 ], [ 410947.329237805213779, 485706.703021050663665 ], [ 410932.336176794487983, 485813.778922551893629 ], [ 410910.741537831956521, 485903.397865852108225 ], [ 410887.948551086592488, 485954.793490400188603 ], [ 410802.837980581971351, 485983.426805286027957 ], [ 410715.509481421206146, 486000.052319696114864 ], [ 410655.458046361804008, 486006.772651692212094 ], [ 410604.150040062784683, 486015.652411364600994 ], [ 410548.519012310309336, 486040.927330149395857 ], [ 410490.724694729433395, 486073.853689073002897 ], [ 410456.94313312653685, 486101.252074539253954 ], [ 410427.545498460764065, 486134.099596974148881 ], [ 410408.01993256539572, 486182.209914449311327 ], [ 410387.320253476791549, 486200.834884155658074 ], [ 410327.290001636603847, 486215.200047218299005 ], [ 410267.229381021577865, 486218.643561109725852 ], [ 410211.52814728213707, 486218.798865991295315 ], [ 410164.570616021286696, 486221.113608461280819 ], [ 410126.353510146669578, 486224.496243032044731 ], [ 410105.750950082321651, 486278.070854010584299 ], [ 410076.568963691242971, 486388.462923578219488 ], [ 410049.486320206953678, 486468.267929796886165 ], [ 410025.613403150928207, 486524.035876970388927 ], [ 409989.699206474702805, 486570.007860840589274 ], [ 409983.231115438684355, 486600.607043624040671 ], [ 409984.417613494209945, 486634.461587930214591 ], [ 410004.152828422142193, 486661.711555711226538 ], [ 410026.084591044578701, 486693.323768115020357 ], [ 410014.201349207316525, 486740.321118299732916 ], [ 409957.620924383227248, 486816.931777358811814 ], [ 409908.606594181619585, 486865.124448208604008 ], [ 409858.436365712783299, 486890.38448562414851 ], [ 409809.309455845155753, 486898.166584105056245 ], [ 409765.603923768154345, 486891.735122760874219 ], [ 409716.391926785116084, 486868.936377677717246 ], [ 409675.880784396722447, 486833.007040072290692 ], [ 409631.001083989511244, 486797.089579988038167 ], [ 409603.657033549563494, 486782.967290364787914 ], [ 409538.086496547970455, 486768.951292982092127 ], [ 409437.557034486730117, 486751.756083207088523 ], [ 409382.89321334019769, 486732.248860849591438 ], [ 409340.188545547774993, 486693.048735882504843 ], [ 409292.038218085712288, 486659.32505008415319 ], [ 409229.683374917425681, 486623.45606766367564 ], [ 409178.298981016385369, 486605.03214370214846 ], [ 409113.826654677977785, 486593.197350051428657 ], [ 409070.157477130182087, 486599.871926754247397 ], [ 409029.770851734792814, 486608.721873987407889 ], [ 408981.778641403885558, 486631.791552615002729 ], [ 408902.161556437145919, 486672.424305477587041 ], [ 408856.380934089771472, 486705.317638376320247 ], [ 408773.560150966222864, 486772.172166667238344 ], [ 408718.053239719767589, 486842.227315688272938 ], [ 408675.582646314520389, 486887.125756853958592 ], [ 408630.982340852846391, 486951.689420423470438 ], [ 408589.604073897353373, 486996.58495086315088 ], [ 408538.383748685824685, 487037.13879911613185 ], [ 408463.141324525349773, 487079.943986381287687 ], [ 408409.718470188265201, 487113.951112175709568 ], [ 408329.027270975348074, 487161.140181338705588 ], [ 408254.82526832370786, 487185.375462034891825 ], [ 408168.603022186143789, 487207.459648825868499 ], [ 408110.726054807251785, 487210.897761529427953 ], [ 408068.109311226755381, 487203.370888062927406 ], [ 408033.089186318567954, 487178.347989635018166 ], [ 408014.427617105189711, 487144.541912924032658 ], [ 407964.037628650723491, 487091.164233433955815 ], [ 407898.329547420144081, 487027.999806406383868 ], [ 407840.297314402705524, 486975.735970789799467 ], [ 407777.926712682412472, 486934.405916228948627 ], [ 407729.772883379715495, 486899.589324020082131 ], [ 407674.004106549487915, 486875.716386485670228 ], [ 407630.219005622668192, 486840.887870126753114 ], [ 407597.3315677997889, 486797.291197273414582 ], [ 407575.375098979624454, 486756.940770049521234 ], [ 407562.147148080111947, 486713.289645191689488 ], [ 407542.405477624677587, 486683.855180232494604 ], [ 407448.181922186457086, 486578.173713260446675 ], [ 407404.320753931999207, 486516.039943326439243 ], [ 407360.401998378394637, 486433.154600736568682 ], [ 407274.142765127238818, 486442.132219724706374 ], [ 407147.511806720052846, 486465.421140668098815 ], [ 407037.260534692439251, 486487.572000403888524 ], [ 406971.844111907877959, 486529.257630905136466 ], [ 406952.21811062580673, 486541.326594841724727 ], [ 406881.246328516223002, 486549.169585617550183 ], [ 406778.610104074352421, 486560.377166814287193 ], [ 406713.150929162220564, 486586.772394151310436 ], [ 406587.754663980216719, 486661.391899068315979 ], [ 406542.815450486086775, 486702.207065550144762 ], [ 406484.347381571889855, 486788.050644367875066 ], [ 406416.346075786277652, 486869.160477412922774 ], [ 406345.145014100009575, 486940.759214996127412 ], [ 406307.135656712518539, 486966.251928049372509 ], [ 406264.317822606826667, 486974.304599929717369 ], [ 406218.291188028000761, 486969.672905881830957 ], [ 406173.78490887535736, 486941.236589958833065 ], [ 406072.061407608271111, 486878.052523257327266 ], [ 406010.128353679145221, 486859.18483289075084 ], [ 405943.483719949319493, 486857.783865489065647 ], [ 405886.412218382174615, 486875.396246718824841 ], [ 405840.487090345122851, 486907.25813634012593 ], [ 405785.081807313486934, 486953.426183004456107 ], [ 405759.827646450023167, 487001.096710423240438 ], [ 405755.209052300662734, 487051.883507511171047 ], [ 405763.416541097511072, 487150.23510629136581 ], [ 405760.437758077809121, 487220.057517020322848 ], [ 405741.556870436586905, 487277.230646443611477 ], [ 405719.409778028144501, 487301.092824129445944 ], [ 405686.151621911791153, 487323.39895544317551 ], [ 405633.822412395034917, 487334.651625604601577 ], [ 405560.826544985407963, 487331.681750530202407 ], [ 405489.377582887536846, 487314.427406042697839 ], [ 405443.346321803051978, 487308.208884173887782 ], [ 405405.25289972970495, 487303.55506612994941 ], [ 405254.381641261221375, 487254.788379319827072 ], [ 405190.945458684465848, 487266.07186513079796 ], [ 405151.331610755994916, 487285.222549847036134 ], [ 405126.037564536265563, 487318.613652491534594 ], [ 405111.930072707880754, 487380.533848889812361 ], [ 405112.098240831168368, 487440.827405085612554 ], [ 405139.195554770412855, 487485.179282194178086 ], [ 405191.706357125658542, 487538.980442374828272 ], [ 405239.430511370592285, 487583.274374059750699 ], [ 405255.394630105933174, 487618.137157742283307 ], [ 405258.71842212358024, 487672.075173235731199 ], [ 405246.193229233671445, 487732.404402449203189 ], [ 405200.454158698325045, 487830.906980124244001 ], [ 405149.897334486828186, 487908.795444535149727 ], [ 405081.856286379275844, 487975.626352884166408 ], [ 405009.032944876234978, 488034.537206911307294 ], [ 404937.725370980100706, 488068.05670433875639 ], [ 404875.893599164206535, 488085.682979851844721 ], [ 404821.919896996812895, 488076.313497396302409 ], [ 404775.839754472544882, 488052.641710935917217 ], [ 404693.132930385880172, 487981.47132344066631 ], [ 404613.586441735504195, 487905.532191358157434 ], [ 404559.4975173479761, 487854.908824547892436 ], [ 404497.541644544398878, 487828.107895171211567 ], [ 404429.913296402723063, 487801.471799593011383 ], [ 404339.694258620322216, 487751.626434492180124 ], [ 404281.895510837668553, 487726.531407091708388 ], [ 404202.423467938904651, 487692.476755547570065 ], [ 404136.675540553405881, 487656.618175429583061 ], [ 404083.253815171716269, 487694.57591854367638 ], [ 404038.75239412591327, 487714.862208865815774 ], [ 404001.264943743590266, 487721.131750515312888 ], [ 403967.675095623300876, 487720.392422641860321 ], [ 403928.600952885753941, 487705.651025075174402 ], [ 403860.593870842654724, 487664.483018111961428 ], [ 403800.388926144398283, 487615.523657336307224 ], [ 403751.29617895197589, 487569.328982594888657 ], [ 403741.739094832562841, 487560.336392658064142 ], [ 403720.600211494369432, 487519.113466102513485 ], [ 403704.160071081889328, 487488.002744124387391 ], [ 403686.156565109035, 487456.115595313080121 ], [ 403673.649156555591617, 487448.347879926848691 ], [ 403647.090321595431305, 487448.378742373781279 ], [ 403617.416047845617868, 487456.1956949691521 ], [ 403552.621180098503828, 487490.514383341243956 ], [ 403509.701906230533496, 487527.92010370187927 ], [ 403461.335687963932287, 487583.23225721140625 ], [ 403428.564112065127119, 487614.400531858962495 ], [ 403401.240492461482063, 487628.440981254389044 ], [ 403350.48550639662426, 487644.843453291803598 ], [ 403311.434741633245721, 487650.336951948993374 ], [ 403219.255564447143115, 487646.553878411534242 ], [ 403127.852931632718537, 487638.878073866013438 ], [ 403086.436998928023968, 487625.696408689953387 ], [ 403048.925693326513283, 487611.73193115304457 ], [ 403011.419929650146514, 487602.437220513704233 ], [ 402959.839842036366463, 487581.484782526560593 ], [ 402860.604553242621478, 487555.919099870487116 ], [ 402773.861249291629065, 487524.891287840262521 ], [ 402676.961773151357193, 487493.096861466299742 ], [ 402636.338640158588532, 487490.03169055498438 ], [ 402602.758713201154023, 487497.853684788045939 ], [ 402588.01826070912648, 487517.036511874524876 ], [ 402577.020429059746675, 487531.348915252485313 ], [ 402545.069703295419458, 487595.981318351288792 ], [ 402498.313051347911824, 487690.983022149070166 ], [ 402452.354275700054131, 487799.992521141655743 ], [ 402411.014526187733281, 487851.405785121780355 ], [ 402346.251567530911416, 487912.186120629718062 ], [ 402328.289888631319627, 487916.098268140165601 ], [ 402297.040599529980682, 487913.022246070497204 ], [ 402239.208562189247459, 487889.743404525099322 ], [ 402204.025033874728251, 487862.545946855156217 ], [ 402152.395032523199916, 487799.568871677503921 ], [ 402123.454037487215828, 487766.916702571732458 ], [ 402066.370769804052543, 487716.397832354763523 ], [ 402010.849646468472201, 487665.877397492819 ], [ 401972.532994467881508, 487631.680006214533933 ], [ 401919.389258953626268, 487609.951650275732391 ], [ 401867.825488310190849, 487603.008628463780042 ], [ 401835.800389448413625, 487604.60309627087554 ], [ 401788.156228208448738, 487609.329412901133765 ], [ 401743.652257206675131, 487627.281899504945613 ], [ 401710.092614037566818, 487652.225997388537508 ], [ 401678.892225034709554, 487690.397752953111194 ], [ 401660.193858932645526, 487731.667218605522066 ], [ 401646.978300527785905, 487785.382130911166314 ], [ 401632.991056424041744, 487846.880742997222114 ], [ 401608.854375452094246, 487913.061229376355186 ], [ 401586.232788114284631, 487939.548444653628394 ], [ 401565.927825724240392, 487943.464162436430342 ], [ 401530.000902103725821, 487948.176333311363123 ], [ 401481.576497883303091, 487953.681768362468574 ], [ 401417.532259712228552, 487961.540693313640077 ], [ 401384.736364883952774, 487971.697509363060817 ], [ 401365.217969448887743, 487980.281241757853422 ], [ 401354.970712628914043, 487989.690212247951422 ], [ 401334.929944297589827, 488019.471662003605161 ], [ 401308.449618814163841, 488098.196211794158444 ], [ 401292.314279084675945, 488185.734096646192484 ], [ 401276.889977318001911, 488250.472061291977298 ], [ 401265.840315857203677, 488269.606864364468493 ], [ 401253.298323490831535, 488275.505762287473772 ], [ 401229.680121646553744, 488278.475519500731025 ], [ 401201.630272204754874, 488279.244588299945462 ], [ 401182.429013193876017, 488271.913063900195993 ], [ 401141.066357517789584, 488251.370055846462492 ], [ 401070.129158914147411, 488191.148272425460164 ], [ 400957.798271994921379, 488084.642625368549488 ], [ 400916.415204322140198, 488047.184335461759474 ], [ 400892.044692975119688, 488038.388130191713572 ], [ 400869.898438795120455, 488037.679738553706557 ], [ 400846.286425742961001, 488045.797667888225988 ], [ 400810.146667282038834, 488071.581786203372758 ], [ 400776.976263449876569, 488111.335885838430841 ], [ 400755.625700659526046, 488158.430480676004663 ], [ 400740.920490871707443, 488206.987761756463442 ], [ 400722.516367316129617, 488248.930547336582094 ], [ 400706.333104548335541, 488296.018935922940727 ], [ 400696.060616066330113, 488347.512725358828902 ], [ 400688.780600636673626, 488432.09837490337668 ], [ 400689.618929044925608, 488515.203110365604516 ], [ 400700.02671862533316, 488576.233046567183919 ], [ 400721.460397080518305, 488598.270839560835157 ], [ 400739.18723460502224, 488607.074698804703075 ], [ 400804.868843728909269, 488593.757748356205411 ], [ 400855.050507701118477, 488581.930192502739374 ], [ 400900.816354412119836, 488581.139637741609477 ], [ 400949.548260333074722, 488591.377595397410914 ], [ 400997.54631610866636, 488605.293519613449462 ], [ 401027.076917301048525, 488608.200034975598101 ], [ 401075.07050868839724, 488618.438316445739474 ], [ 401102.399730407283641, 488632.379124874365516 ], [ 401120.144039574253839, 488655.892321243823972 ], [ 401120.905940620286856, 488675.748783467512112 ], [ 401115.023485392099246, 488694.87717947101919 ], [ 401102.48165539058391, 488707.762103634013329 ], [ 401081.548110756324604, 488727.401234868448228 ], [ 401056.143305783101823, 488725.533643135044258 ], [ 401033.913831498008221, 488723.662315541238058 ], [ 401012.324740888318047, 488726.219091336417478 ], [ 400992.646877623861656, 488733.835221433197148 ], [ 400975.513877657765988, 488745.244863171014003 ], [ 400967.278572673501913, 488762.33842547016684 ], [ 400961.594175130710937, 488788.286815862637013 ], [ 400957.178338672441896, 488812.96797690022504 ], [ 400954.027396919729654, 488833.218574572005309 ], [ 400915.970862717716955, 488872.4930508628604 ], [ 400839.210582776519004, 488940.919215666712262 ], [ 400822.075305846054107, 488950.430648772860877 ], [ 400800.491585823823698, 488957.416679432149976 ], [ 400779.536058972007595, 488958.707085039757658 ], [ 400761.758927055110689, 488962.524963120231405 ], [ 400741.449126549181528, 488972.672948342049494 ], [ 400724.318512997939251, 488985.980730497569311 ], [ 400674.808872631227132, 489006.920023249229416 ], [ 400632.913891520467587, 489022.788563282811083 ], [ 400625.306967286102008, 489034.186862774658948 ], [ 400620.246278570091818, 489050.643822953396011 ], [ 400611.42484471667558, 489108.231974317168351 ], [ 400611.517189140780829, 489184.790993708651513 ], [ 400619.834052236576099, 489235.398545218165964 ], [ 400630.201121575606521, 489290.206274055177346 ], [ 400654.747135399025865, 489370.303154862602241 ], [ 400689.694167544366792, 489449.964768358273432 ], [ 400730.976657111896202, 489528.83012041344773 ], [ 400764.299467178294435, 489575.349730509333313 ], [ 400807.105965689290315, 489604.496631448098924 ], [ 400848.312302390462719, 489620.230003255594056 ], [ 400906.938308171636891, 489631.207506116305012 ], [ 400960.802306772675365, 489634.299573708965909 ], [ 400989.301309448725078, 489621.638555292098317 ], [ 401005.11219832918141, 489596.366928381379694 ], [ 401012.1772134337225, 489543.485299100924749 ], [ 401014.410207817447372, 489424.321364257542882 ], [ 401017.503405899100471, 489361.974607180978637 ], [ 401026.972281398891937, 489331.975581906095613 ], [ 401042.803085594146978, 489323.275843510404229 ], [ 401061.80987698759418, 489320.885442860366311 ], [ 401100.62476465041982, 489323.995484454440884 ], [ 401185.397479495150037, 489342.044386287161615 ], [ 401301.079673334606923, 489375.838953469530679 ], [ 401338.325593900342938, 489391.577219665283337 ], [ 401351.009872007824015, 489401.03188514302019 ], [ 401379.588487500150222, 489454.659899482736364 ], [ 401407.383597406325862, 489515.390899478807114 ], [ 401439.142512554069981, 489579.274064933299087 ], [ 401470.097221016767435, 489632.898853918304667 ], [ 401498.664376045460813, 489677.057291053526569 ], [ 401526.449657661723904, 489729.896639230311848 ], [ 401538.383478918636683, 489774.075050377694424 ], [ 401534.451541467336938, 489797.753823706239928 ], [ 401524.168912318360526, 489809.603380719257984 ], [ 401484.597108961723279, 489835.69274470541859 ], [ 401433.939271350041963, 489864.162758343736641 ], [ 401410.210709048609715, 489891.811446168634575 ], [ 401389.672014396637678, 489937.606566307600588 ], [ 401369.949074774980545, 490003.129613904573489 ], [ 401364.469097951077856, 490056.798426129273139 ], [ 401364.521118908887729, 490100.201576466031838 ], [ 401374.854806364804972, 490130.965887301135808 ], [ 401393.907655359711498, 490167.243651546828914 ], [ 401435.958543139859103, 490227.168722001719289 ], [ 401450.253428654978052, 490258.717378481174819 ], [ 401454.257167032221332, 490295.013754337560385 ], [ 401447.956750556710176, 490325.008874303544872 ], [ 401429.808540044235997, 490382.638367757492233 ], [ 401421.156551993917674, 490433.154564158525318 ], [ 401421.997802015277557, 490474.188836637767963 ], [ 401427.576277706422843, 490502.591479067283217 ], [ 401442.689611090230756, 490556.23554073960986 ], [ 401471.373896338162012, 490698.247844090859871 ], [ 401481.712203301372938, 490732.958168956625741 ], [ 401522.198623021424282, 490809.456873076269403 ], [ 401557.904284383810591, 490862.287057143286802 ], [ 401604.688103557855356, 490906.423159046797082 ], [ 401660.169349718489684, 490937.923076869279612 ], [ 401692.658497189346235, 490950.510165204177611 ], [ 401721.966233977000229, 490952.053786356351338 ], [ 401784.53322421485791, 490948.032736358931288 ], [ 401840.755481337546371, 490936.917392140021548 ], [ 401906.484123235277366, 490927.36921711434843 ], [ 401921.534015125944279, 490928.140299592807423 ], [ 401930.255970140744466, 490936.021345227025449 ], [ 401940.58656324702315, 490964.418256350269075 ], [ 401974.017478544730693, 491102.479218691587448 ], [ 401985.987682230246719, 491177.434297493251506 ], [ 401993.180241066846065, 491231.087410662963521 ], [ 401992.409827003895771, 491249.238898842129856 ], [ 401986.881572463782504, 491262.661116841540206 ], [ 401959.175111165386625, 491275.320598118007183 ], [ 401872.877233899547718, 491304.622174632619135 ], [ 401769.960555934638251, 491345.781130593968555 ], [ 401719.289495576231275, 491362.413771523628384 ], [ 401663.070428768347483, 491375.896816802152898 ], [ 401602.086832137079909, 491379.126399943896104 ], [ 401571.206616379669867, 491387.055268744530622 ], [ 401530.040132034220733, 491403.676652867987286 ], [ 401503.122959705709945, 491413.967990842997096 ], [ 401485.712134813133162, 491425.825725039991084 ], [ 401477.017760982038453, 491440.830133602779824 ], [ 401460.44547511881683, 491491.355613728170283 ], [ 401454.939089820836671, 491522.92806762928376 ], [ 401459.718016364728101, 491545.018701780471019 ], [ 401469.243346254981589, 491562.368353820464108 ], [ 401499.36653707298683, 491583.639531579217874 ], [ 401544.539590611821041, 491605.681054086133372 ], [ 401584.977250641677529, 491641.933525220258161 ], [ 401662.668434013496153, 491701.026395999768283 ], [ 401684.0591863587033, 491705.735400109202601 ], [ 401721.28031853941502, 491701.74513904604828 ], [ 401772.746000017388724, 491687.478781772835646 ], [ 401819.448117209540214, 491663.748356587311719 ], [ 401869.306981349247508, 491630.544545085518621 ], [ 401917.556327732105274, 491576.035532952228095 ], [ 401968.972100662940647, 491519.944356390682515 ], [ 401985.580409040790983, 491499.406990606570616 ], [ 402006.961807316169143, 491496.224632609577384 ], [ 402025.981264987611212, 491504.882550480542704 ], [ 402057.70631202426739, 491541.145662066584919 ], [ 402100.534988531726412, 491590.021406598447356 ], [ 402137.044218883500434, 491653.109957498672884 ], [ 402176.710284481523558, 491706.724245922057889 ], [ 402216.363221533887554, 491749.290939605503809 ], [ 402256.784509319928475, 491772.128007193212397 ], [ 402286.898022977518849, 491785.507651789230295 ], [ 402320.953799682436511, 491783.888843348016962 ], [ 402375.582820107229054, 491765.673376428254414 ], [ 402474.548249964253046, 491732.411237811495084 ], [ 402533.150807034340687, 491725.239322612818796 ], [ 402558.504411391157191, 491732.311347641982138 ], [ 402579.910106157592963, 491749.647051776119042 ], [ 402618.014309014368337, 491822.203606595052406 ], [ 402648.18205303355353, 491881.353497054602485 ], [ 402663.247688953648321, 491895.5402582869865 ], [ 402695.725812242424581, 491899.447390089684632 ], [ 402770.982513106253464, 491910.406078880478162 ], [ 402806.619539182516746, 491906.418234095093794 ], [ 402830.370283472468145, 491897.709230224543717 ], [ 402863.613368878897745, 491878.730582735151984 ], [ 402887.364219188224524, 491870.02157276350772 ], [ 402912.71307667484507, 491873.148038257146254 ], [ 402934.900477457442321, 491881.802436626807321 ], [ 402970.578588146832772, 491912.53681119409157 ], [ 403006.266936093044933, 491951.951906526519451 ], [ 403058.63471582904458, 492030.804833307396621 ], [ 403111.006106942426413, 492112.81368362827925 ], [ 403133.203647669346537, 492130.148835183121264 ], [ 403194.216394556337036, 492152.1726049266872 ], [ 403227.492066024860833, 492160.813963683962356 ], [ 403298.787223394028842, 492170.988814442011062 ], [ 403363.742334620270412, 492178.014182519749738 ], [ 403451.674823118257336, 492192.114924773166422 ], [ 403501.587722058990039, 492204.682481946598273 ], [ 403532.490059711388312, 492215.694174702919554 ], [ 403581.62203925306676, 492237.732250410947017 ], [ 403664.061190968030132, 492295.243178813892882 ], [ 403718.742018217919394, 492321.220163823687471 ], [ 403783.712726605765056, 492341.661780037742574 ], [ 403858.986315814603586, 492367.615143292525318 ], [ 403931.097084886452649, 492398.30695749213919 ], [ 403966.767258557491004, 492422.728714225639123 ], [ 403979.473957032663748, 492451.9121062666527 ], [ 403980.30109035980422, 492481.898540623078588 ], [ 403965.284075086354278, 492508.747133710246999 ], [ 403943.135047970688902, 492532.447257115738466 ], [ 403924.136554110911675, 492541.150148662622087 ], [ 403890.878722651337739, 492547.502322469197679 ], [ 403862.364823403593618, 492546.746705603785813 ], [ 403821.962979674921371, 492539.692019081558101 ], [ 403783.139653957507107, 492527.900406763656065 ], [ 403743.515916570439003, 492509.007746854913421 ], [ 403688.30886799871223, 492485.617569005466066 ], [ 403580.753829368331935, 492439.307675648538861 ], [ 403555.393395677790977, 492430.990711169608403 ], [ 403537.440759661141783, 492431.011929668311495 ], [ 403514.743255680426955, 492437.352204450289719 ], [ 403465.135424798645545, 492459.506423871207517 ], [ 403384.923574647807982, 492499.584474497707561 ], [ 403281.507543299929239, 492563.890765827673022 ], [ 403212.907251327647828, 492599.746299364429433 ], [ 403095.781574641820043, 492679.851639564672951 ], [ 402983.955032375117298, 492775.734112203528639 ], [ 402870.022955564898439, 492876.880046210309956 ], [ 402806.725746212701779, 492931.669278115325142 ], [ 402769.786984155070968, 492950.652774572896305 ], [ 402684.279434193507768, 492977.059285387746058 ], [ 402593.497905905242078, 493008.733621127554215 ], [ 402556.559279173146933, 493027.716979866672773 ], [ 402521.751555224880576, 493062.481215627107304 ], [ 402490.116939054161776, 493101.450048222846817 ], [ 402469.072795033163857, 493165.658938989799935 ], [ 402464.910303504904732, 493217.221934897534084 ], [ 402469.202235216507688, 493274.0350356202689 ], [ 402475.611229067610111, 493335.055077472585253 ], [ 402490.444689193682279, 493376.072699555021245 ], [ 402526.426307101151906, 493440.213931176054757 ], [ 402600.457634556805715, 493531.666516119323205 ], [ 402639.599676803103648, 493589.490606517007109 ], [ 402642.799090303014964, 493615.79191791365156 ], [ 402647.053387940744869, 493641.039284149068408 ], [ 402653.415921287611127, 493663.12783449399285 ], [ 402637.601820546959061, 493685.243072984041646 ], [ 402608.059355482459068, 493707.374207698157988 ], [ 402570.06256397801917, 493724.254704366729129 ], [ 402498.255279955454171, 493726.444810361310374 ], [ 402409.537749068695121, 493717.081239292398095 ], [ 402352.512224339880049, 493717.149380479298998 ], [ 402322.954900922777597, 493726.654317794775125 ], [ 402312.403347523650154, 493734.032596546283457 ], [ 402260.712271920987405, 493779.338726497255266 ], [ 402231.195112342771608, 493822.514218713447917 ], [ 402215.391288956569042, 493853.047259093378671 ], [ 402210.164164291811176, 493897.245645500428509 ], [ 402214.455144028295763, 493953.006763902201783 ], [ 402234.612942765350454, 494030.845206201192923 ], [ 402267.411449829291087, 494082.363487838767469 ], [ 402309.712783976399805, 494132.81838110787794 ], [ 402362.569280556635931, 494179.051608208334073 ], [ 402391.104545211652294, 494197.957153735449538 ], [ 402415.395547058258671, 494200.03233310917858 ], [ 402455.501628633763175, 494181.044964443950448 ], [ 402500.871514463680796, 494148.372492707043421 ], [ 402547.279987912159413, 494100.968464964826126 ], [ 402563.113932347390801, 494095.688438687473536 ], [ 402578.956796974351164, 494097.77367271197727 ], [ 402592.706489189295098, 494115.644694275979418 ], [ 402622.35287657281151, 494180.845454484573565 ], [ 402646.940305912867188, 494228.766653744853102 ], [ 402676.445061431906652, 494266.645716567232739 ], [ 402719.446097663254477, 494299.61612920765765 ], [ 402761.199247754062526, 494315.46573642862495 ], [ 402793.11361479916377, 494315.42758765083272 ], [ 402827.474293280625716, 494308.048444315209053 ], [ 402880.223783034423832, 494281.07913665950764 ], [ 402931.767454762943089, 494272.45635315409163 ], [ 402978.413169546693098, 494273.62387027911609 ], [ 403021.38635688717477, 494283.356942193000577 ], [ 403075.422929884342011, 494306.530551908595953 ], [ 403114.729751340928487, 494329.721097276720684 ], [ 403127.039355038898066, 494359.059291048615705 ], [ 403145.50380340218544, 494403.066539359220769 ], [ 403156.65143746312242, 494487.442526201251894 ], [ 403148.146212041494437, 494560.834919806628022 ], [ 403142.087381830788217, 494626.88570437656017 ], [ 403145.835252441407647, 494681.917683938168921 ], [ 403154.472639102314133, 494719.821259818971157 ], [ 403214.794581260823179, 494867.736584234226029 ], [ 403254.215888302016538, 494987.546877382788807 ], [ 403277.66701765259495, 495096.369014414434787 ], [ 403286.346418712928426, 495169.740284601401072 ], [ 403284.026706436299719, 495283.485125926323235 ], [ 403266.938208722451236, 495364.225460241432302 ], [ 403242.469066400954034, 495431.52133103471715 ], [ 403216.734642820199952, 495467.020297167240642 ], [ 403192.18694319302449, 495468.272281795216259 ], [ 403161.483026214933489, 495453.632476248021703 ], [ 403102.51834659249289, 495414.565487680549268 ], [ 403039.88886904559331, 495390.179458553611767 ], [ 402992.004791805171408, 495379.229303796426393 ], [ 402965.00067285640398, 495379.261588116001803 ], [ 402942.913726725906599, 495385.402990310278255 ], [ 402924.52228040114278, 495402.547649563930463 ], [ 402869.400567490200046, 495498.010065451497212 ], [ 402824.124879245471675, 495615.475051484827418 ], [ 402794.714113361784257, 495655.870332431280985 ], [ 402743.204872062487993, 495692.622973369783722 ], [ 402707.645292427157983, 495723.241653643141035 ], [ 402598.447099941549823, 495761.286236489657313 ], [ 402548.149390606326051, 495784.584302249888424 ], [ 402511.368256154935807, 495820.096359401126392 ], [ 402484.418594411748927, 495865.380940652859863 ], [ 402469.742000513826497, 495909.427900851122104 ], [ 402473.469826586369891, 495947.337260302330833 ], [ 402483.329097688372713, 495980.347532865300309 ], [ 402505.465800441568717, 496015.788897550839465 ], [ 402526.3471108347876, 496027.994075922353659 ], [ 402553.356875372701325, 496032.853875022032298 ], [ 402576.671191115281545, 496026.710724500415381 ], [ 402614.707472733454779, 496014.435001103731338 ], [ 402650.297689225757495, 496009.500238296284806 ], [ 402692.032548138813581, 496010.673059668566566 ], [ 402747.28824131336296, 496027.729310451715719 ], [ 402764.493102660926525, 496044.831319744931534 ], [ 402762.066005232452881, 496068.072165039659012 ], [ 402765.777633306744974, 496092.528008735971525 ], [ 402780.555285828071646, 496132.870372847013641 ], [ 402794.11579530040035, 496181.775571695296094 ], [ 402797.845021979359444, 496220.908302747469861 ], [ 402794.209469393477775, 496260.049868073256221 ], [ 402758.713156806014013, 496343.258468279324006 ], [ 402746.49731546966359, 496392.194373878475744 ], [ 402745.319716496684123, 496433.778846301254816 ], [ 402747.812595688505098, 496465.575020805408712 ], [ 402757.65419682348147, 496483.908593991363887 ], [ 402854.767069897614419, 496604.872828036197461 ], [ 402918.699428308405913, 496692.854475613508839 ], [ 402934.698565318365581, 496728.303389870561659 ], [ 402940.879674294672441, 496764.987293247424532 ], [ 402942.211123857647181, 496851.82081648777239 ], [ 402942.338475595053751, 496958.224565868498757 ], [ 402954.728362254565582, 497054.829685016418807 ], [ 402959.701099919271655, 497107.413831885205582 ], [ 402962.277516564587131, 497208.922529723844491 ], [ 402975.827541784849018, 497249.266361492744181 ], [ 402989.349820990813896, 497266.372903938754462 ], [ 403001.625631119532045, 497267.58108328981325 ], [ 403028.611528117500711, 497252.872377624036744 ], [ 403064.195284323825035, 497243.045442764705513 ], [ 403087.51797329459805, 497244.240630809217691 ], [ 403119.442856843757909, 497253.986697870888747 ], [ 403159.981690321525093, 497282.068057055352256 ], [ 403182.119267337780911, 497318.732612838619389 ], [ 403195.68237539526308, 497370.08411147625884 ], [ 403184.784485421143472, 497494.846103359130211 ], [ 403165.280206294206437, 497607.388579472841229 ], [ 403164.105509567307308, 497651.419343438232318 ], [ 403175.216710862470791, 497705.219223319320008 ], [ 403197.381881522131152, 497765.121356158633716 ], [ 403242.935449350974523, 497881.255333952314686 ], [ 403274.441635693772696, 497978.962476723769214 ], [ 403283.919505541794933, 498056.948680333967786 ], [ 403293.314632592606358, 498105.845323013956659 ], [ 403308.051379902171902, 498173.238506420690101 ], [ 403333.39649091870524, 498251.179478167905472 ], [ 403338.783371845784131, 498285.542444283259101 ], [ 403330.93284160917392, 498314.654397971695289 ], [ 403315.14127012755489, 498341.144753398315515 ], [ 403275.609563039499335, 498388.858583916618954 ], [ 403245.311023621005006, 498428.612453384150285 ], [ 403228.246309131965972, 498472.295697568915784 ], [ 403216.508234843611717, 498529.186433214577846 ], [ 403214.037067846453283, 498590.017040076374542 ], [ 403227.387770451547112, 498634.935608320229221 ], [ 403259.276268562767655, 498689.057286210474558 ], [ 403293.760252064676024, 498725.981908722838853 ], [ 403377.227596520679072, 498783.923116698802914 ], [ 403405.047476672916673, 498802.355273830005899 ], [ 403423.63446004508296, 498828.74756598501699 ], [ 403429.002640664344653, 498856.499387181131169 ], [ 403425.148990832385607, 498896.178043692023493 ], [ 403416.048028120887466, 498950.4163273536833 ], [ 403392.42885831737658, 499013.95199066970963 ], [ 403380.660746305191424, 499060.26465876941802 ], [ 403372.855573895270936, 499105.243514633155428 ], [ 403376.958224249479827, 499152.833028712950181 ], [ 403387.672041324316524, 499200.40356373321265 ], [ 403393.040263273753226, 499228.155690697371028 ], [ 403389.141563039156608, 499251.967403236601967 ], [ 403385.254026173788588, 499279.746121415751986 ], [ 403386.651874241710175, 499306.186881755886134 ], [ 403399.987591716228053, 499345.816703066579066 ], [ 403419.960967128863558, 499394.682808345532976 ], [ 403421.381425219005905, 499429.057490499166306 ], [ 403413.512135577504523, 499451.55832961271517 ], [ 403400.338782347331289, 499468.785440193430986 ], [ 403364.664596802555025, 499478.143055388529319 ], [ 403284.011495899758302, 499479.695497834007256 ], [ 403227.177622727525886, 499487.791436109051574 ], [ 403186.218286495888606, 499498.486489113769494 ], [ 403141.2959107607021, 499510.515132939442992 ], [ 403112.27443478431087, 499534.398628338356502 ], [ 403093.831028420536313, 499558.252187268924899 ], [ 403084.665976801305078, 499590.012568973237649 ], [ 403087.412482306594029, 499625.70547022530809 ], [ 403107.351971349911764, 499662.671719030127861 ], [ 403147.193210338009521, 499723.381600633554626 ], [ 403176.509289978945162, 499802.633204474521335 ], [ 403192.580487361876294, 499873.989140939316712 ], [ 403208.587193630111869, 499922.866802541539073 ], [ 403232.53134630137356, 499973.044204279140104 ], [ 403282.954440102621447, 500035.046130336122587 ], [ 403304.22005347465165, 500073.330650042975321 ], [ 403305.61028544139117, 500097.127134663867764 ], [ 403299.097498024813831, 500131.524498936021701 ], [ 403276.732680248271208, 500171.256090931827202 ], [ 403229.252992671448737, 500213.704071753949393 ], [ 403161.931995401158929, 500253.564489657233935 ], [ 403095.827193381730467, 500256.398084499174729 ], [ 403045.559026608127169, 500248.60842781374231 ], [ 402976.745474208553787, 500228.971460653003305 ], [ 402910.610450340260286, 500221.227002113068011 ], [ 402837.867838848556858, 500214.824024403409567 ], [ 402761.196451236668508, 500221.65451187081635 ], [ 402695.121784148504958, 500235.066457056964282 ], [ 402667.403670716215856, 500252.335076591058169 ], [ 402648.971659829141572, 500280.155196303792764 ], [ 402639.882363307406195, 500338.360573362151626 ], [ 402637.408147791516967, 500397.869337905955035 ], [ 402625.632734818267636, 500441.537765826389659 ], [ 402599.259623311634641, 500466.736381107126363 ], [ 402563.577947935787961, 500473.449598729086574 ], [ 402425.976710915856529, 500443.43141064728843 ], [ 402321.458203890884761, 500422.57458107417915 ], [ 402281.798259485454764, 500425.332454327377491 ], [ 402251.428040566504933, 500439.964343965693843 ], [ 402234.333357531868387, 500473.069743689033203 ], [ 402233.10964420309756, 500507.45250517455861 ], [ 402245.108301998174284, 500541.796602712827735 ], [ 402267.666142904025037, 500569.499896831403021 ], [ 402300.828329492243938, 500606.428025970701128 ], [ 402373.707457817858085, 500660.43207043322036 ], [ 402421.418306714098435, 500698.641168836096767 ], [ 402441.346868788939901, 500731.64071595785208 ], [ 402438.789443899993785, 500762.059873157588299 ], [ 402403.311988448258489, 500840.175377915496938 ], [ 402349.740860093152151, 500944.124769291782286 ], [ 402330.07843223301461, 500994.147477314691059 ], [ 402320.639001262083184, 501059.907737688277848 ], [ 402322.173500956560019, 501133.949773842003196 ], [ 402330.3799737917725, 501229.129255858133547 ], [ 402349.270559586177114, 501361.301416618633084 ], [ 402354.711282128468156, 501414.176293134689331 ], [ 402390.897598671552259, 501583.322189017024357 ], [ 402409.62913621898042, 501659.959620386420283 ], [ 402432.278039138531312, 501719.39667672268115 ], [ 402460.155443846946582, 501757.662231220165268 ], [ 402480.042307886586059, 501776.116979573387653 ], [ 402521.058586016180925, 501785.254927889734972 ], [ 402584.549446954624727, 501793.00611673045205 ], [ 402628.225456936343107, 501807.425721398147289 ], [ 402653.420342846657149, 501832.476297602697741 ], [ 402668.101706958259456, 501880.035498434037436 ], [ 402680.195441517338622, 501947.436142461781856 ], [ 402688.322659388009924, 502014.848003445542417 ], [ 402701.666606159298681, 502057.122039663430769 ], [ 402725.546807173872367, 502084.820958296302706 ], [ 402756.030693532084115, 502109.856646362692118 ], [ 402815.611551482463256, 502137.45284064457519 ], [ 402906.941741480783094, 502170.2468530840124 ], [ 402974.402855598367751, 502179.308920786366798 ], [ 403029.941085429862142, 502180.471904632518999 ], [ 403053.733920277038123, 502177.75891632179264 ], [ 403114.49268818856217, 502155.106048845977057 ], [ 403189.773343481007032, 502124.478174652031157 ], [ 403247.910291340609547, 502109.766052386374213 ], [ 403287.589151527849026, 502113.61880736600142 ], [ 403320.690757097210735, 502129.390758334891871 ], [ 403348.526332437468227, 502153.111469119146932 ], [ 403367.125030514667742, 502183.469908225175459 ], [ 403365.878683147369884, 502209.91856038023252 ], [ 403340.900499382754788, 502260.236269666114822 ], [ 403323.855619979789481, 502310.530663603509311 ], [ 403322.651220460713375, 502351.524200475716498 ], [ 403335.9647732093581, 502383.220023912144825 ], [ 403369.138688724371605, 502424.114611352386419 ], [ 403399.611040805233642, 502445.183136088133324 ], [ 403416.841969912464265, 502459.678411126194987 ], [ 403438.119486445211805, 502501.929656939581037 ], [ 403455.449346730718389, 502550.802991852164268 ], [ 403467.531993743265048, 502614.236565079772845 ], [ 403461.038578824605793, 502655.245157184021082 ], [ 403450.555660429468844, 502688.331619633710943 ], [ 403437.413140579534229, 502716.13689380075084 ], [ 403384.664017656061333, 502765.211754272168037 ], [ 403301.529885760974139, 502823.630322267941665 ], [ 403214.425239737669472, 502880.737690404523164 ], [ 403129.942211019864772, 502929.904139914899133 ], [ 403058.635999543592334, 502963.165651866642293 ], [ 402993.952460976666771, 503000.375094431568868 ], [ 402908.173765657527838, 503058.80118456389755 ], [ 402875.170745044888463, 503077.407840228930581 ], [ 402844.759102881303988, 503077.495183574443217 ], [ 402815.643001101561822, 503068.323274740308989 ], [ 402761.362292747187894, 503044.67885514581576 ], [ 402728.306007259758189, 503044.77375978755299 ], [ 402708.506591137382202, 503056.731263242661953 ], [ 402703.29755483334884, 503084.513529958727304 ], [ 402703.392548278730828, 503117.570108029874973 ], [ 402745.830058276304044, 503161.082261396106333 ], [ 402789.58607173274504, 503203.268676214560401 ], [ 402816.141389457159676, 503241.537762822466902 ], [ 402828.178634487441741, 503289.104576417128555 ], [ 402833.627464257762767, 503344.623619622492697 ], [ 402829.885385448578745, 503422.647791271738242 ], [ 402828.711638565524481, 503474.219168399984483 ], [ 402839.422867113957182, 503520.467393874248955 ], [ 402856.730247405066621, 503561.407873865799047 ], [ 402868.702801780484151, 503586.49606952915201 ], [ 402919.085306652006693, 503633.95232725632377 ], [ 403001.270334026194178, 503705.1176462873118 ], [ 403070.179511422291398, 503757.809284314978868 ], [ 403143.017376119852997, 503797.267050288035534 ], [ 403205.235334648517892, 503822.210643767379224 ], [ 403308.450455017387867, 503849.680830978846643 ], [ 403358.730017048772424, 503861.43610453477595 ], [ 403422.216766237397678, 503867.864716214360669 ], [ 403476.466991599067114, 503880.930672720016446 ], [ 403518.854917160701007, 503907.253606378450058 ], [ 403533.441467941564042, 503921.756274519953877 ], [ 403532.17645754449768, 503941.593755451671313 ], [ 403509.854508355201688, 503995.870445704844315 ], [ 403484.953025526017882, 504072.633092611969914 ], [ 403473.209137157537043, 504126.879290225915611 ], [ 403475.952737265906762, 504161.250008029455785 ], [ 403505.221286153304391, 504223.311508376616985 ], [ 403557.070969666936435, 504321.008813857915811 ], [ 403616.880870984517969, 504427.938831490348093 ], [ 403650.043727206939366, 504464.866445050749462 ], [ 403675.192979922518134, 504474.049472861515824 ], [ 403738.664449778269045, 504475.188554302265402 ], [ 403779.619596352858935, 504463.170148569450248 ], [ 403810.027280416514259, 504461.760196181363426 ], [ 403827.254670947964769, 504474.933257335913368 ], [ 403852.407665861304849, 504485.438434837211389 ], [ 403886.827895224443637, 504499.883811021689326 ], [ 403916.039236489625182, 504542.111605074664112 ], [ 403922.757319161202759, 504579.11564247473143 ], [ 403914.930754416331183, 504616.161068423301913 ], [ 403888.61953812505817, 504662.515702689066529 ], [ 403874.174125821038615, 504696.935819640930276 ], [ 403871.594520100043155, 504719.421928479918279 ], [ 403880.983756420901045, 504765.673611288075335 ], [ 403893.009931001462974, 504809.272988572251052 ], [ 403893.120674732606858, 504847.617947791062761 ], [ 403898.528000355581753, 504888.59202763333451 ], [ 403910.523629129282199, 504921.613796384481248 ], [ 403942.421614201972261, 504978.378579965501558 ], [ 403983.594241790531669, 505041.72739013278624 ], [ 404026.070230367011391, 505098.461411429569125 ], [ 404087.087993345514406, 505165.719909068895504 ], [ 404107.001883414632175, 505193.429689048847649 ], [ 404114.981184255681001, 505209.273612588702235 ], [ 404127.007367935264483, 505252.87317589687882 ], [ 404143.141702360881027, 505345.383857520821039 ], [ 404155.267344039108139, 505423.361727197421715 ], [ 404154.185974874650128, 505506.666779711842537 ], [ 404145.094619370473083, 505563.5497526168474 ], [ 404134.558794508047868, 505578.124692410696298 ], [ 404113.410646695585456, 505580.830333562276792 ], [ 404074.989144322229549, 505554.496491294004954 ], [ 404044.520443499844987, 505534.751005139551125 ], [ 404015.419610292767175, 505530.868405799032189 ], [ 403955.88057682197541, 505517.81775972811738 ], [ 403806.360471144726034, 505481.227118079492357 ], [ 403742.873738556983881, 505474.799329028523061 ], [ 403700.61554444686044, 505493.433108307712246 ], [ 403684.821278210903984, 505518.601565383782145 ], [ 403682.241774382884614, 505541.087240403750911 ], [ 403688.914126398914959, 505562.224306426069234 ], [ 403742.02182753616944, 505637.439028699416667 ], [ 403788.560213302844204, 505727.217670900688972 ], [ 403792.607313530112151, 505754.972970802686177 ], [ 403783.408965422946494, 505774.833419332979247 ], [ 403770.224756246898323, 505788.094294650247321 ], [ 403696.236601721670013, 505808.142038680845872 ], [ 403615.625860266969539, 505824.242292244103737 ], [ 403557.462428319791798, 505829.699395561241545 ], [ 403523.114716983865947, 505840.376801894395612 ], [ 403488.809096239856444, 505865.599112333846278 ], [ 403466.449501225491986, 505906.653589071298484 ], [ 403444.147305191436317, 505967.541707835160196 ], [ 403409.975612748821732, 506039.042562913906295 ], [ 403388.888643715297803, 506062.904021582682617 ], [ 403358.500045662163757, 506070.925682794011664 ], [ 403325.462975303875282, 506077.632417434942909 ], [ 403285.856897578050848, 506098.90337243169779 ], [ 403258.181592512177303, 506130.717349538055714 ], [ 403223.983133309462573, 506192.962454489199445 ], [ 403213.55445037141908, 506244.560967400728259 ], [ 403211.143563319230452, 506325.22532094217604 ], [ 403215.320893068681471, 506397.937242531217635 ], [ 403227.439411401050165, 506473.270818584191147 ], [ 403235.518440247396939, 506523.49314174283063 ], [ 403258.146048061549664, 506574.995577258407138 ], [ 403284.790178460476454, 506643.675683371548075 ], [ 403307.544107532594353, 506738.812331544060726 ], [ 403331.631928391987458, 506837.911612036579754 ], [ 403350.361953737388831, 506913.225867432134692 ], [ 403375.703031664597802, 506988.521040411025751 ], [ 403398.284835189115256, 507024.156536118302029 ], [ 403454.018429427349474, 507092.751889757812023 ], [ 403515.014175690594129, 507152.076530248508789 ], [ 403648.890528257936239, 507265.40209984104149 ], [ 403766.900038936757483, 507378.773297298466787 ], [ 403830.555563166737556, 507443.379102267324924 ], [ 403870.330352235294413, 507480.286436488328036 ], [ 403964.355260577693116, 507530.259168991120532 ], [ 404067.616518169525079, 507573.593778245674912 ], [ 404234.391303100797813, 507632.610987999651115 ], [ 404338.967046419216786, 507673.296737568918616 ], [ 404407.81548818864394, 507704.830972312483937 ], [ 404451.583743200346362, 507750.982507865410298 ], [ 404494.811181977682281, 507797.387665569025557 ], [ 404563.898363470914774, 507854.455695585231297 ], [ 404602.710238643805496, 507895.109535440686159 ], [ 404621.446283880562987, 507922.693487672833726 ], [ 404632.661779283196665, 507972.490561280981638 ], [ 404630.463659669680055, 508015.540079512982629 ], [ 404620.158912166836672, 508052.321654717146885 ], [ 404603.095188523293473, 508081.040270257333759 ], [ 404589.618116348516196, 508098.992693344480358 ], [ 404566.689297823759262, 508114.714252851495985 ], [ 404542.40893291879911, 508129.092501509469002 ], [ 404520.383762751240283, 508147.951893607096281 ], [ 404495.561405517626554, 508169.391255694208667 ], [ 404461.15304561908124, 508192.474939896725118 ], [ 404441.616339729807805, 508215.515235427767038 ], [ 404430.875193509971723, 508241.234324695484247 ], [ 404426.907782894733828, 508271.665156623348594 ], [ 404431.063922683824785, 508306.128515329619404 ], [ 404439.924490594887175, 508331.11449399223784 ], [ 404458.280066226958297, 508366.888414493878372 ], [ 404498.181119226152077, 508445.301107447361574 ], [ 404531.248354028095491, 508501.960356657509692 ], [ 404540.40221286698943, 508543.906593674153555 ], [ 404538.760917814564891, 508598.339731411309913 ], [ 404528.00761080859229, 508645.413079556950834 ], [ 404502.456279578094836, 508687.968502244213596 ], [ 404495.070896742981859, 508697.04914555704454 ], [ 404437.515659087861422, 508749.187042949313764 ], [ 404392.329631512053311, 508761.218446802406106 ], [ 404359.023258883680683, 508766.075329647399485 ], [ 404329.690338396001607, 508773.300828492967412 ], [ 404296.427642275113612, 508793.231599868740886 ], [ 404263.185697275097482, 508820.301996556168888 ], [ 404226.795938556839246, 508856.108652428316418 ], [ 404196.725126940000337, 508882.376615856657736 ], [ 404180.148061822867021, 508910.98573341401061 ], [ 404172.30004558066139, 508940.362387854605913 ], [ 404162.946160206221975, 508997.510770551161841 ], [ 404158.313106771907769, 509041.158391910255887 ], [ 404147.294138432771433, 509071.338045304873958 ], [ 404120.405891965492629, 509100.769980419194326 ], [ 404081.619938121177256, 509131.030187956988811 ], [ 404044.425177131779492, 509162.872691317752469 ], [ 404008.042304429051001, 509201.059309736883733 ], [ 403984.322815099847503, 509228.895573871268425 ], [ 403970.872915587038733, 509241.628456048900262 ], [ 403948.691607407992706, 509252.799955761409365 ], [ 403928.115607841755264, 509270.313708463567309 ], [ 403917.839007595204748, 509283.037104720366187 ], [ 403898.92585359280929, 509326.726511942979414 ], [ 403883.153716326749418, 509359.299994024971966 ], [ 403866.569696125516202, 509385.529146554647014 ], [ 403845.216454599169083, 509408.598113862797618 ], [ 403839.716275930288248, 509426.861350172723178 ], [ 403836.644616766017862, 509461.777582251001149 ], [ 403832.046388704737183, 509517.325873765978031 ], [ 403832.941432097984944, 509552.230560213967692 ], [ 403837.069941479770932, 509607.752997428528033 ], [ 403834.835664280806668, 509657.740913882036693 ], [ 403846.132072152395267, 509722.762432665855158 ], [ 403857.333685494668316, 509755.257271393435076 ], [ 403876.448027490347158, 509780.588921677670442 ], [ 403901.881253165716771, 509796.381846050207969 ], [ 403932.107070790953003, 509823.26771279348759 ], [ 403944.86297953047324, 509844.650996007432695 ], [ 403956.043873568938579, 509870.005539619305637 ], [ 403973.613068100239616, 509909.621692863933276 ], [ 403988.384475062426645, 509926.068876069330145 ], [ 403993.511458368157037, 509931.777609892829787 ], [ 404020.549872226605657, 509953.912430659111124 ], [ 404030.116305503761396, 509969.75152655254351 ], [ 404030.951330770738423, 509984.029407554888166 ], [ 404027.054004733567126, 510007.84128637536196 ], [ 404027.109600904223043, 510026.881583013164345 ], [ 404030.382455846469384, 510060.985986543935724 ], [ 404041.621179261128418, 510106.174178502464201 ], [ 404057.585252510383725, 510139.448405580827966 ], [ 404078.852417113201227, 510156.630455031583551 ], [ 404120.669616544910241, 510180.105625660624355 ], [ 404150.645964228373487, 510189.093596588587388 ], [ 404194.228025530232117, 510195.319681081746239 ], [ 404273.210471024387516, 510203.257237926300149 ], [ 404360.35849903896451, 510210.263661955657881 ], [ 404410.288130711356644, 510214.655762594076805 ], [ 404453.88327387633035, 510225.419482346856967 ], [ 404502.269903482636437, 510230.32846916600829 ], [ 404561.577411564881913, 510239.913278998923488 ], [ 404596.956390797975473, 510247.762217781448271 ], [ 404656.630897732218727, 510265.5771654942655 ], [ 404683.569097489875276, 510278.170994843763765 ], [ 404711.042842344089877, 510297.077330953674391 ], [ 404753.844218506361358, 510331.222404900472611 ], [ 404816.210793164733332, 510392.70035094791092 ], [ 404864.313810490886681, 510445.778099867224228 ], [ 404901.320570180483628, 510490.451853484963067 ], [ 404918.247705098998267, 510518.8407413281966 ], [ 404969.026121068745852, 510601.903260035149287 ], [ 405037.259348931082059, 510713.353437263984233 ], [ 405092.812111613398883, 510815.875463912438136 ], [ 405112.37912061822135, 510844.787370141537394 ], [ 405157.838293201522902, 510894.711867553880438 ], [ 405217.033006789628416, 510953.03749533550581 ], [ 405289.436997892218642, 511021.343444773810916 ], [ 405312.691527478978969, 511043.937286059721373 ], [ 405339.102168850076851, 511057.058206264628097 ], [ 405390.8655752139166, 511081.722420712234452 ], [ 405448.963718159939162, 511106.379612367309164 ], [ 405472.211276356771123, 511123.186860937334131 ], [ 405495.467049334722105, 511146.832978466060013 ], [ 405515.025022547808476, 511168.379498428257648 ], [ 405525.619444707059301, 511198.880559009907302 ], [ 405527.761395335779525, 511224.130695485742763 ], [ 405522.508262813149486, 511245.706942612421699 ], [ 405506.191485340183135, 511285.709730519389268 ], [ 405489.361243876686785, 511337.813589030352887 ], [ 405479.368610076548066, 511368.865289868263062 ], [ 405476.225806872185785, 511389.386644608399365 ], [ 405474.68008380534593, 511420.954393333988264 ], [ 405476.294598973123357, 511446.731455599772744 ], [ 405483.714173941174522, 511470.923044601397123 ], [ 405500.64214285282651, 511500.363855158968363 ], [ 405518.621954523259774, 511526.647227739274967 ], [ 405539.780552139214706, 511562.396313980862033 ], [ 405554.067684762179852, 511590.788350483693648 ], [ 405565.712242532405071, 511616.553238134889398 ], [ 405581.05008844222175, 511640.735198581707664 ], [ 405606.954625821090303, 511672.270257238065824 ], [ 405634.968182149284985, 511701.697803695278708 ], [ 405665.61038578429725, 511722.178956581105012 ], [ 405696.250748960650526, 511741.081653833331075 ], [ 405732.691686231060885, 511754.716642860381398 ], [ 405782.33842984464718, 511775.701196516747586 ], [ 405850.471517520549241, 511805.081175578874536 ], [ 405876.359493943338748, 511822.937146530544851 ], [ 405891.168703719682526, 511846.593952935072593 ], [ 405898.072193399246316, 511880.781831360247452 ], [ 405897.590206232562196, 511919.187410858925432 ], [ 405889.727851511561312, 511966.01935894403141 ], [ 405861.868793766829185, 512065.484877477050759 ], [ 405834.539445671485737, 512166.528121314942837 ], [ 405804.052934459177777, 512275.992723478528205 ], [ 405794.617237852420658, 512331.244196438346989 ], [ 405796.765876285673585, 512362.281217713665683 ], [ 405803.656097975792363, 512385.421152166672982 ], [ 405815.829604117083363, 512412.237960950413253 ], [ 405840.16477260942338, 512455.874484769243281 ], [ 405869.768435915233567, 512491.087502591079101 ], [ 405888.803270357311703, 512516.843390981142875 ], [ 405915.285698925668839, 512590.465247067157179 ], [ 405944.401084546989296, 512658.822873328987043 ], [ 405964.534347795357462, 512720.35225311643444 ], [ 405973.550580877170432, 512755.58999640197726 ], [ 405984.665146345447283, 512779.777159739751369 ], [ 406006.870745388732757, 512808.685686348704621 ], [ 406062.895592150569428, 512866.48932253906969 ], [ 406118.908424841065425, 512914.297272748313844 ], [ 406177.026336278126109, 512956.841604482382536 ], [ 406232.49284136085771, 512989.393365133961197 ], [ 406299.036054897413123, 513014.566304961277638 ], [ 406375.072936518699862, 513032.888960299547762 ], [ 406454.805511290673167, 513051.733612960902974 ], [ 406515.536257897503674, 513072.178858203522395 ], [ 406567.819545376813039, 513091.582160164543893 ], [ 406611.661162997363135, 513114.678228226373903 ], [ 406640.719618071161676, 513135.687467582756653 ], [ 406653.941700940718874, 513156.715678028238472 ], [ 406675.127580795437098, 513216.139246423146687 ], [ 406689.418318875133991, 513248.21395610756008 ], [ 406705.282245793030597, 513271.34354989498388 ], [ 406740.683912162436172, 513299.710599453828763 ], [ 406827.823213741125073, 513332.750988845364191 ], [ 406880.096913904009853, 513344.263032277696766 ], [ 406934.475920868397225, 513350.511917115945835 ], [ 406987.794727767293807, 513353.079242476960644 ], [ 407040.581357215356547, 513351.964400549652055 ], [ 407121.34800044784788, 513352.921096403268166 ], [ 407169.391682589775883, 513358.651225003646687 ], [ 407193.6840444218833, 513367.040103441977408 ], [ 407222.214950078981929, 513388.576079350954387 ], [ 407244.41319695522543, 513411.697895469435025 ], [ 407254.994961194985081, 513432.203392761410214 ], [ 407264.034188498044387, 513487.432688799512107 ], [ 407275.205917247862089, 513560.546440339880064 ], [ 407285.811320082342718, 513601.043420929519925 ], [ 407302.755671627295669, 513645.215136858460028 ], [ 407333.437028226908296, 513699.892671198758762 ], [ 407368.352019272861071, 513763.508932468248531 ], [ 407408.014673503988888, 513824.48915630573174 ], [ 407430.753691853780765, 513858.658490979752969 ], [ 407450.31603181414539, 513884.940063750836998 ], [ 407486.782223090005573, 513921.197832324251067 ], [ 407547.01753915293375, 513970.053303276770748 ], [ 407592.980930208519567, 514002.616967731446493 ], [ 407691.757094141445123, 514056.688247231650166 ], [ 407743.519492928753607, 514082.932305067835841 ], [ 407764.126953200728167, 514100.268983439949807 ], [ 407781.055943286104593, 514131.814713321975432 ], [ 407793.783689330331981, 514181.779015930893365 ], [ 407801.240155599894933, 514238.062074805726297 ], [ 407805.504657219629735, 514273.305269172531553 ], [ 407819.260900567169301, 514300.119991874438711 ], [ 407848.345629085320979, 514344.277653426281177 ], [ 407900.660638351808302, 514391.565007276192773 ], [ 407946.111798341851681, 514437.807456737500615 ], [ 407971.508204052690417, 514487.756486039957963 ], [ 407982.109602602547966, 514525.097010675002821 ], [ 407987.44264258001931, 514571.386823341075797 ], [ 407984.83908364304807, 514601.903530352923553 ], [ 407979.078968879301101, 514641.367413355736062 ], [ 407980.699721899465658, 514672.931064577540383 ], [ 407985.48631550592836, 514703.438754551112652 ], [ 407993.960109725070652, 514727.103080662898719 ], [ 408009.827706970507279, 514753.915162021643482 ], [ 408032.551891910145059, 514775.984687029442284 ], [ 408056.852993899025023, 514792.264810064050835 ], [ 408090.651335621194448, 514804.851428167894483 ], [ 408118.110921764047816, 514813.762763830134645 ], [ 408139.769468368787784, 514827.415862182038836 ], [ 408155.631411876354832, 514849.493420540471561 ], [ 408169.39365472557256, 514881.568620034318883 ], [ 408178.417359222774394, 514924.171691066760104 ], [ 408187.442870512779336, 514968.35295087978011 ], [ 408198.579977918067016, 515012.532214500184637 ], [ 408225.575775227276608, 515076.157529417250771 ], [ 408244.644978845783044, 515132.427163356042001 ], [ 408246.781179969606455, 515153.468598366016522 ], [ 408241.52468125987798, 515172.414016262511723 ], [ 408231.531031420105137, 515190.342994172184262 ], [ 408240.202955552202184, 515213.154943394300062 ], [ 408241.349290313082747, 515232.880100277718157 ], [ 408243.79755922354525, 515238.648962944571394 ], [ 408252.066936267365236, 515247.641280134092085 ], [ 408269.722282171889674, 515264.223885084036738 ], [ 408284.401924685924314, 515288.447314991848543 ], [ 408297.742910951317754, 515302.116532060957979 ], [ 408307.774016179086175, 515315.690411632880569 ], [ 408322.21322605968453, 515333.228809318272397 ], [ 408336.375332422496285, 515353.581626042956486 ], [ 408362.407201146648731, 515385.656273184344172 ], [ 408380.015078371856362, 515402.872317574860062 ], [ 408385.263470900419634, 515409.83290180930635 ], [ 408389.741819256043527, 515421.116832387750037 ], [ 408391.095116139040329, 515431.615036745963152 ], [ 408390.277735939307604, 515442.6111174292746 ], [ 408385.403002707927953, 515465.225126543315127 ], [ 408385.347607604344375, 515473.292149716289714 ], [ 408387.943569388939068, 515482.3661968743545 ], [ 408390.499112264253199, 515486.462258516112342 ], [ 408393.327139762288425, 515489.229536990402266 ], [ 408397.100859287835192, 515490.919667855428997 ], [ 408406.635980213410221, 515493.212851589894854 ], [ 408421.944344600837212, 515499.046140459773596 ], [ 408440.395170206727926, 515502.562606736086309 ], [ 408465.11130250536371, 515509.580706064356491 ], [ 408487.13215336081339, 515518.53107511025155 ], [ 408501.95801029750146, 515521.992177052830812 ], [ 408511.805597382888664, 515522.040642023377586 ], [ 408526.014670427364763, 515520.831998139445204 ], [ 408571.377149815380108, 515512.602101686235983 ], [ 408584.781924415379763, 515511.03202570223948 ], [ 408629.917237899033353, 515509.815715148288291 ], [ 408641.353821151133161, 515510.984904280048795 ], [ 408653.70139967976138, 515514.567176443815697 ], [ 408666.090898650465533, 515520.91061494423775 ], [ 408709.98927798907971, 515552.905003020307049 ], [ 408716.197193951928057, 515556.349419042409863 ], [ 408719.337650384753942, 515557.41249701846391 ], [ 408725.21423729689559, 515559.402199881093111 ], [ 408735.370650730212219, 515561.232784944353625 ], [ 408745.12573151581455, 515561.557093956624158 ], [ 408754.024144649156369, 515560.395117808540817 ], [ 408761.647309954511002, 515557.808722356101498 ], [ 408777.40772529685637, 515550.403670354397036 ], [ 408798.312057679053396, 515537.986485204019118 ], [ 408813.905631156871095, 515525.503543717495631 ], [ 408830.100735103304032, 515508.147553306247573 ], [ 408831.621202734299004, 515503.982518946577329 ], [ 408830.805458133225329, 515494.42295373394154 ], [ 408832.12382985081058, 515465.544105449575 ], [ 408840.630378667148761, 515429.01069894671673 ], [ 408854.977535476617049, 515404.670178217231296 ], [ 408868.128071935905609, 515386.860339521430433 ], [ 408880.203847782802768, 515367.966508922108915 ], [ 408891.912332593696192, 515351.974982277490199 ], [ 408900.397925784171093, 515344.239863141614478 ], [ 408932.072117701522075, 515322.758055385784246 ], [ 408956.414654927852098, 515304.630335859896149 ], [ 408975.294096791709308, 515293.699106782092713 ], [ 408995.429566620790865, 515284.311555706022773 ], [ 409021.208793114754371, 515275.826005097012967 ], [ 409031.364622905035503, 515273.224102314095944 ], [ 409046.809667200548574, 515271.415770704566967 ], [ 409062.470690087939147, 515271.602745351323392 ], [ 409107.677558766445145, 515278.589091715344694 ], [ 409125.666181076259818, 515282.810338015202433 ], [ 409136.224478312709834, 515286.420699128939305 ], [ 409155.054683565336745, 515295.612635510449763 ], [ 409193.475159960449673, 515310.795729203033261 ], [ 409207.592147717252374, 515314.900758931471501 ], [ 409225.286942688457202, 515318.398385680222418 ], [ 409249.731690469256137, 515321.401745456270874 ], [ 409272.534243068075739, 515321.750307901238557 ], [ 409276.2994085829705, 515321.46301128459163 ], [ 409298.239422259503044, 515319.788246654963586 ], [ 409324.83215252822265, 515315.408209153742064 ], [ 409363.878716906765476, 515302.198877315153368 ], [ 409401.49109890544787, 515284.098004553525243 ], [ 409411.254263576003723, 515278.210491622216068 ], [ 409434.299683853052557, 515260.64173871348612 ], [ 409452.864529416605365, 515235.340285876241978 ], [ 409458.625224336050451, 515225.365269005123992 ], [ 409461.626826021412853, 515216.351935301383492 ], [ 409469.948176171572413, 515181.228873011947144 ], [ 409476.739304375252686, 515163.384113573934883 ], [ 409485.940663877292536, 515150.562969386170153 ], [ 409491.478024322888814, 515145.335276604164392 ], [ 409497.000770419486798, 515141.524146320414729 ], [ 409510.951286861090921, 515135.885044734808616 ], [ 409527.069862265605479, 515130.991577923472505 ], [ 409535.110770078725182, 515129.563226388650946 ], [ 409547.642382620426361, 515130.190588743833359 ], [ 409595.203582783346064, 515137.719325677375309 ], [ 409605.364727973879781, 515138.394620349805336 ], [ 409634.459426137327682, 515137.04712772910716 ], [ 409645.327425498573575, 515134.080087869777344 ], [ 409652.621275819663424, 515130.148170604661573 ], [ 409660.733194987114985, 515121.554949298093561 ], [ 409667.236131088226102, 515109.974153244227637 ], [ 409670.309651157818735, 515099.633343401772436 ], [ 409672.477363049460109, 515080.366725068190135 ], [ 409677.264267605787609, 515070.663534170540515 ], [ 409680.401657115202397, 515066.935063556884415 ], [ 409691.756331802287605, 515058.928637903823983 ], [ 409706.083476146624889, 515045.551823469286319 ], [ 409714.425335405452643, 515033.753897706163116 ], [ 409721.746589526417665, 515019.006041660381015 ], [ 409726.282355332106818, 515011.947877400496509 ], [ 409730.68213993916288, 515006.92339973396156 ], [ 409735.344748620293103, 515004.289990844787098 ], [ 409744.131723145837896, 515002.691970136424061 ], [ 409766.327231993665919, 515001.819525293074548 ], [ 409790.143382826820016, 515003.490499794483185 ], [ 409818.546181846701074, 515007.815741565078497 ], [ 409837.213575638248585, 515007.400055549689569 ], [ 409902.576311560580507, 515019.847589318465907 ], [ 409922.781543163058814, 515020.873062850325368 ], [ 409938.374824311584234, 515019.181739518593531 ], [ 409971.713050887861755, 515012.958992419124115 ], [ 409977.826932217925787, 515008.747407423972618 ], [ 409994.214741110394243, 514991.572180203569587 ], [ 409997.551762288378086, 514989.650703580409754 ], [ 410000.43583257694263, 514988.985460886906367 ], [ 410031.299081681820098, 514989.31848788226489 ], [ 410046.505371615639888, 514990.539223592320923 ], [ 410062.409737147623673, 514993.392599766433705 ], [ 410079.882441895548254, 514999.050168989750091 ], [ 410091.415584801696241, 515000.559870688710362 ], [ 410109.213937731459737, 515001.262632383091841 ], [ 410168.282868624199182, 515001.107516519608907 ], [ 410177.73942692874698, 515001.082893528335262 ], [ 410196.899731049255934, 514999.604648531938437 ], [ 410223.135635177779477, 514995.365030033688527 ], [ 410239.654858515772503, 514990.799440003931522 ], [ 410253.482890729967039, 514985.168050167732872 ], [ 410262.821647634322289, 514979.646732069726568 ], [ 410284.426928003900684, 514964.199086571345106 ], [ 410293.126712037017569, 514956.748299437109381 ], [ 410300.388559281826019, 514949.100765202951152 ], [ 410308.920454814215191, 514936.123859398358036 ], [ 410317.617407628742512, 514916.818140954186674 ], [ 410323.415977000957355, 514906.670094840112142 ], [ 410334.271257581654936, 514890.731851047312375 ], [ 410354.2128282856429, 514863.96996379387565 ], [ 410372.297392334323376, 514832.806170676776674 ], [ 410373.867898783413693, 514824.986588510451838 ], [ 410381.614402171515394, 514786.416306362196337 ], [ 410394.860754821391311, 514755.596825035638176 ], [ 410406.666669236728922, 514735.992922957055271 ], [ 410417.361671229242347, 514725.014645554940216 ], [ 410430.304656643420458, 514717.188448938599322 ], [ 410449.249071046360768, 514709.673870176076889 ], [ 410469.885939859552309, 514705.423717115074396 ], [ 410473.108663496735971, 514705.926914460782427 ], [ 410476.01954195718281, 514706.38176031439798 ], [ 410488.955984773521777, 514712.030243585933931 ], [ 410503.502466894453391, 514720.545698892732617 ], [ 410511.021524690731894, 514729.175726035318803 ], [ 410519.607947030686773, 514745.094202054606285 ], [ 410522.816196825064253, 514754.257221143518109 ], [ 410524.737690848531201, 514762.875167484104168 ], [ 410525.239407642860897, 514782.083399326715153 ], [ 410522.104362697224133, 514800.515147114696447 ], [ 410515.918000597506762, 514817.060146202507894 ], [ 410513.432195695873816, 514826.160242808517069 ], [ 410512.302629232581239, 514833.645715956634376 ], [ 410512.516194820520468, 514839.87427919881884 ], [ 410514.5045018264791, 514845.934099442674778 ], [ 410519.100889770546928, 514852.73360971454531 ], [ 410531.37443602172425, 514866.783864788711071 ], [ 410539.602461906557437, 514873.488255003117956 ], [ 410549.620895793603268, 514877.285256681207102 ], [ 410598.725942671357188, 514886.627587335242424 ], [ 410647.233868181123398, 514899.016005519079044 ], [ 410656.827735475148074, 514903.048141370003577 ], [ 410667.231013998098206, 514908.673866365046706 ], [ 410684.480539200361818, 514921.126080627553165 ], [ 410691.109340518771205, 514925.063863678195048 ], [ 410699.402396593184676, 514929.032152121944819 ], [ 410706.921402518637478, 514931.412148474832065 ], [ 410723.518226680054795, 514933.497230817913078 ], [ 410748.365285379404668, 514932.738822865008842 ], [ 410762.602810919575859, 514933.783129786141217 ], [ 410776.222523424716201, 514937.096503396751359 ], [ 410801.798917620326392, 514946.149541112361476 ], [ 410812.232270418026019, 514948.821713046520017 ], [ 410835.361968618235551, 514952.62915377918398 ], [ 410870.197750248131342, 514956.182917863479815 ], [ 410874.512524925055914, 514957.776264234271366 ], [ 410885.227584595791996, 514963.653009998088237 ], [ 410892.081289558147546, 514965.63539705547737 ], [ 410917.188434023875743, 514969.086905139381997 ], [ 410948.334277371992357, 514970.851237363589462 ], [ 410962.184376198332757, 514973.66002197569469 ], [ 410975.436232771840878, 514980.961086916679051 ], [ 410984.960582263476681, 514984.84593914024299 ], [ 410988.424307304667309, 514987.440374579222407 ], [ 410991.40195587684866, 514991.800203204678837 ], [ 410999.828907687158789, 515009.578089199610986 ], [ 411003.549968418956269, 515015.723289931484032 ], [ 411018.068978446535766, 515033.926787025062367 ], [ 411025.989114175667055, 515042.081620805023704 ], [ 411033.453710585716181, 515047.932561176945455 ], [ 411040.845233848376665, 515052.348590833484195 ], [ 411049.761430557235144, 515056.084524061356205 ], [ 411059.547190497512929, 515058.952130613906775 ], [ 411099.850389533909038, 515065.54354183684336 ], [ 411113.035080048663076, 515065.247500432422385 ], [ 411123.631386273249518, 515062.797500970016699 ], [ 411131.930715977796353, 515059.105138418090064 ], [ 411139.609045958437491, 515054.121107727056369 ], [ 411145.440666218055412, 515048.852328477834817 ], [ 411151.654553874861449, 515039.910782796971034 ], [ 411155.489070627547335, 515036.081531331758015 ], [ 411184.042235264263581, 515016.622832745837513 ], [ 411196.339136643626262, 515007.388065203558654 ], [ 411204.368546275072731, 515004.262339019798674 ], [ 411215.876755179429892, 515003.949243044422474 ], [ 411240.135968465299811, 515007.493389640003443 ], [ 411316.798421281157061, 515013.554036967572756 ], [ 411331.27146432606969, 515016.909121269884054 ], [ 411359.114832128456328, 515027.592407370510045 ], [ 411391.800508402462583, 515046.035577931092121 ], [ 411400.747318013745826, 515052.194727064401377 ], [ 411415.412701585097238, 515065.699835250270553 ], [ 411434.743556435976643, 515080.366394925280474 ], [ 411446.590841879253276, 515088.221412953280378 ], [ 411460.526625179219991, 515095.533340882218909 ], [ 411468.724816029018257, 515098.502775424916763 ], [ 411476.84462498256471, 515099.724996602686588 ], [ 411500.06000490009319, 515100.273068316106219 ], [ 411513.412974217208102, 515099.21453410590766 ], [ 411542.676151108753402, 515091.041418304259423 ], [ 411580.014178247831296, 515076.94403444416821 ], [ 411634.283766519511119, 515060.045476806175429 ], [ 411641.790306830545887, 515057.043274658964947 ], [ 411647.866210129810497, 515053.451715704868548 ], [ 411655.978876593231689, 515046.913378246827051 ], [ 411670.034060329315253, 515033.60749572084751 ], [ 411675.930010163632687, 515026.804542989702895 ], [ 411681.045721426897217, 515019.07831149577396 ], [ 411688.133513138163835, 515003.732144948095083 ], [ 411696.904053273727186, 514970.741944606532343 ], [ 411703.430382811930031, 514958.229023258725647 ], [ 411707.127609976159874, 514954.820278020284604 ], [ 411712.633570683421567, 514952.192230232350994 ], [ 411723.294514812179841, 514949.337578899692744 ], [ 411730.230278138595168, 514948.685027055151295 ], [ 411738.389327301527373, 514950.838711432064883 ], [ 411746.114361156942323, 514955.849890279991087 ], [ 411751.05412935273489, 514962.441667884064373 ], [ 411756.242779923835769, 514973.59160552395042 ], [ 411758.317647538846359, 514980.527809399063699 ], [ 411765.407238051877357, 515004.228282256284729 ], [ 411765.087826124101412, 515036.840959330438636 ], [ 411766.149029060092289, 515052.81144777481677 ], [ 411768.446265454404056, 515058.753071246843319 ], [ 411773.618088116752915, 515064.352896450902335 ], [ 411786.895306513586547, 515073.194608795805834 ], [ 411802.238742405781522, 515079.169770436885301 ], [ 411852.889886463293806, 515088.394191205268726 ], [ 411883.464486933196895, 515092.198921749775764 ], [ 411887.190700866107363, 515094.457449313253164 ], [ 411894.845180518634152, 515103.976229120744392 ], [ 411898.997919369838201, 515107.213693627738394 ], [ 411935.099184755410533, 515120.463316950248554 ], [ 411940.279407572234049, 515121.204522565822117 ], [ 411946.271697950782254, 515120.77454266283894 ], [ 411964.276104132994078, 515117.565204037586227 ], [ 411971.34644009754993, 515115.097890828037634 ], [ 411975.433744299807586, 515112.133545560762286 ], [ 411985.280355881957803, 515102.348462286347058 ], [ 412042.37543017801363, 515056.43918474385282 ], [ 412052.602128352678847, 515050.544994381139986 ], [ 412064.155130874249153, 515045.630396029679105 ], [ 412073.085026810178533, 515043.255397137952968 ], [ 412081.362775136134587, 515042.74526134779444 ], [ 412119.094612761982717, 515045.027267257508356 ], [ 412126.807010829565115, 515047.735410046007019 ], [ 412144.057878972613253, 515057.54236120544374 ], [ 412158.689753418206237, 515060.835657534655184 ], [ 412169.021622267726343, 515061.018979962100275 ], [ 412199.336276493035257, 515056.719349596649408 ], [ 412211.686068866052665, 515057.9554795922013 ], [ 412220.884946774458513, 515060.840125341492239 ], [ 412228.532727829937357, 515064.733071775990538 ], [ 412237.758397803991102, 515071.064223748107906 ], [ 412249.577067895559594, 515080.710362421348691 ], [ 412261.047231712320354, 515088.014223034319002 ], [ 412271.26692169404123, 515092.936369941977318 ], [ 412281.453693630406633, 515096.535333644424099 ], [ 412302.997830340114888, 515100.17933078709757 ], [ 412338.761474171536975, 515103.725690915540326 ], [ 412364.019917146128137, 515108.020294721063692 ], [ 412381.682859046966769, 515113.343615186866373 ], [ 412411.291934048815165, 515125.764299680187833 ], [ 412421.25380682409741, 515128.539894493063912 ], [ 412442.900948545837309, 515130.438089535047766 ], [ 412459.950789074820932, 515129.189484713308048 ], [ 412484.958011440641712, 515122.505117416556459 ], [ 412521.744861743063666, 515108.883173514390364 ], [ 412531.471163236652501, 515104.385990233568009 ], [ 412548.233920651779044, 515091.868698032863904 ], [ 412571.864915070356801, 515069.231255922932178 ], [ 412597.000673198548611, 515048.742908308166079 ], [ 412606.730626632808708, 515043.276894692913629 ], [ 412619.219754652585834, 515039.51265087624779 ], [ 412629.489026101888157, 515038.170340606593527 ], [ 412638.339229622739367, 515038.356451534840744 ], [ 412683.222956574463751, 515047.68824583926471 ], [ 412707.894466413301416, 515050.146740581374615 ], [ 412729.110748656094074, 515050.879503603850026 ], [ 412755.41520487255184, 515049.44480441120686 ], [ 412811.822863946668804, 515038.711878649482969 ], [ 412836.693081888952293, 515035.880159364372957 ], [ 412848.612367447, 515035.547842654807027 ], [ 412859.137199409422465, 515036.239564232993871 ], [ 412873.111406740848906, 515038.327128422155511 ], [ 412887.988837642944418, 515041.632625153695699 ], [ 412896.198687045718543, 515041.327553585753776 ], [ 412902.857996152422857, 515039.47393716708757 ], [ 412905.590340963681228, 515037.849509540654253 ], [ 412908.823053774074651, 515034.285130251431838 ], [ 412921.471132406324614, 515013.748703645367641 ], [ 412926.267186062410474, 515003.59676988661522 ], [ 412932.466413971153088, 514990.475152063474525 ], [ 412945.880254359333776, 514958.006155276845675 ], [ 412958.668417020642664, 514932.650512576685287 ], [ 412961.740693554864265, 514928.573725162015762 ], [ 412966.143688090727665, 514924.804006622638553 ], [ 412971.161239493521862, 514921.746646027080715 ], [ 412976.019251324003562, 514919.974153693241533 ], [ 412983.714751967869233, 514919.459259271272458 ], [ 412990.177584367396776, 514921.096393045794684 ], [ 412995.016456974903122, 514924.765426146041136 ], [ 413003.682679986697622, 514934.15072090679314 ], [ 413011.986198189959396, 514947.251846598286647 ], [ 413023.846243614912964, 514973.008224515477195 ], [ 413028.189024980529211, 514985.067816219408996 ], [ 413032.67215494235279, 514990.316162086674012 ], [ 413040.985982227430213, 514994.854973025794607 ], [ 413050.644741071679164, 514996.524165154900402 ], [ 413055.991837206587661, 514994.957422528997995 ], [ 413062.986088949081022, 514989.10188837943133 ], [ 413099.195533242775127, 514939.918823866115417 ], [ 413104.295968512189575, 514934.771024638146628 ], [ 413117.715312076907139, 514924.274302497738972 ], [ 413119.827810915187001, 514921.794695013784803 ], [ 413126.427535502240062, 514913.789903380267788 ], [ 413154.150703185703605, 514870.82716322253691 ], [ 413164.209365105605684, 514850.002941637765616 ], [ 413167.905592817231081, 514844.103364222450182 ], [ 413173.255372828338295, 514838.597812557825819 ], [ 413188.870633488753811, 514825.911608612805139 ], [ 413205.536124387930613, 514806.869122313219123 ], [ 413215.819402998837177, 514789.153507641283795 ], [ 413224.487935266923159, 514766.241252842126414 ], [ 413225.797597242519259, 514758.965335741755553 ], [ 413225.46711214579409, 514752.628521591541357 ], [ 413223.547370060812682, 514745.777846506913193 ], [ 413218.756636018282734, 514734.083826606336515 ], [ 413175.253803416155279, 514644.256453563168179 ], [ 413164.46674010087736, 514627.177896821580362 ], [ 413161.553728653001599, 514621.047214806021657 ], [ 413159.762109403149225, 514610.914547915570438 ], [ 413158.553848202573135, 514574.228565981669817 ], [ 413160.968701722158585, 514559.357272160821594 ], [ 413166.390223316382617, 514544.407763399241958 ], [ 413171.911606452194974, 514534.980167454516049 ], [ 413194.167275886633433, 514502.324910330236889 ], [ 413205.488083371485118, 514481.166873027570546 ], [ 413208.723457220126875, 514471.340059493086301 ], [ 413209.154154983523767, 514461.192407004768029 ], [ 413207.425841099291574, 514448.290108933870215 ], [ 413199.454981243703514, 514424.3573289415217 ], [ 413194.659610387752764, 514401.320148366328795 ], [ 413193.696998960454948, 514360.664767269976437 ], [ 413195.203961599327158, 514351.643199765065219 ], [ 413198.496193007624242, 514344.141858592396602 ], [ 413203.414987041731365, 514336.332741061109118 ], [ 413209.125288936542347, 514329.705261793453246 ], [ 413215.953987531305756, 514323.655959857453126 ], [ 413223.311488304694649, 514318.571598917769734 ], [ 413230.212451525381766, 514315.161600104125682 ], [ 413237.724068618379533, 514313.031259966548532 ], [ 413245.93686378019629, 514312.079804164764937 ], [ 413254.019670433190186, 514312.424895026662853 ], [ 413262.706865952408407, 514314.320942187856417 ], [ 413271.985160295735113, 514317.661880542524159 ], [ 413280.649708499840926, 514322.259721047361381 ], [ 413291.725402682903223, 514329.716651254449971 ], [ 413301.482999937143177, 514337.806811660004314 ], [ 413309.831142960232683, 514345.867195166239981 ], [ 413322.431607760197949, 514360.159792328020558 ], [ 413336.917242856288794, 514373.234169810952153 ], [ 413343.495902270602528, 514376.884643231751397 ], [ 413351.076818108092993, 514379.851426184701268 ], [ 413358.496537603845354, 514381.762971405172721 ], [ 413374.668979848793242, 514383.57291589846136 ], [ 413382.49952652095817, 514386.363527856534347 ], [ 413391.342507135996129, 514390.802588798629586 ], [ 413397.001923677511513, 514394.231307271751575 ], [ 413400.561280126858037, 514396.387935143662617 ], [ 413408.923558538488578, 514402.811680987069849 ], [ 413446.10517512075603, 514436.950607839389704 ], [ 413450.688117302604951, 514439.324892906064633 ], [ 413457.018035996356048, 514440.40691466856515 ], [ 413463.07037015206879, 514439.964087498839945 ], [ 413468.164356552297249, 514438.11160139599815 ], [ 413474.20953376009129, 514433.954483303765301 ], [ 413478.464137248287443, 514429.266246643383056 ], [ 413494.711811739602126, 514398.163320395862684 ], [ 413510.517183872347232, 514358.458690118626691 ], [ 413515.721247720881365, 514349.678329920512624 ], [ 413522.395557486743201, 514340.916626985708717 ], [ 413533.279226998856757, 514329.607697252475191 ], [ 413538.929809343651868, 514325.613843669591006 ], [ 413547.125819117529318, 514324.243024580006022 ], [ 413555.394919863319956, 514325.960410937608685 ], [ 413561.984008819446899, 514330.870259508199524 ], [ 413574.534117557690479, 514344.602014127012808 ], [ 413578.370089756557718, 514350.248752928397153 ], [ 413579.964797976834234, 514355.503800792037509 ], [ 413579.497757485951297, 514365.677053689258173 ], [ 413577.808000057470053, 514375.620594282576349 ], [ 413573.931512418726925, 514390.470192920649424 ], [ 413572.599276090099011, 514403.88028833741555 ], [ 413571.275894055142999, 514436.161667131702416 ], [ 413571.202664657845162, 514459.87522275664378 ], [ 413572.113902602752205, 514467.397289566928521 ], [ 413574.576198524562642, 514473.293263781699352 ], [ 413578.451030402560718, 514478.696781083475798 ], [ 413583.795506372407544, 514484.155231148528401 ], [ 413588.63588425249327, 514488.006944409571588 ], [ 413594.506130493246019, 514491.235204194148537 ], [ 413630.288896015204955, 514506.880692858539987 ], [ 413635.174511920544319, 514509.016802894941065 ], [ 413651.236080483999103, 514513.636436007800512 ], [ 413666.162308645900339, 514516.252110951638315 ], [ 413681.494680681964383, 514516.922861066588666 ], [ 413770.062820470600855, 514516.805456165107898 ], [ 413792.389397391700186, 514515.838465420296416 ], [ 413807.17539276368916, 514513.992374920635484 ], [ 413831.424458476132713, 514507.35498914855998 ], [ 413858.151853014715016, 514495.040487894031685 ], [ 413880.647557242540643, 514487.577583090460394 ], [ 413887.342380595044233, 514484.135115315264557 ], [ 413902.961859322327655, 514472.934534558153246 ], [ 413908.432494988257531, 514470.943807281204499 ], [ 413915.869102480239235, 514469.620704829867464 ], [ 413924.827057784656063, 514469.679281211807393 ], [ 413932.110529942729045, 514471.225097554561216 ], [ 413935.133429934037849, 514473.180847428098787 ], [ 413942.407946910883766, 514480.422774134611245 ], [ 413953.613691588398069, 514485.199528070515953 ], [ 413965.225745761825237, 514486.809783314820379 ], [ 413976.485632904863451, 514485.602850287221372 ], [ 413986.405317121068947, 514482.320921737235039 ], [ 413996.655290780006908, 514476.567306105105672 ], [ 414024.047774224774912, 514454.060486262780614 ], [ 414047.048305899486877, 514437.873615360469557 ], [ 414061.457884654286318, 514429.961959013424348 ], [ 414089.518820716592018, 514416.513582167564891 ], [ 414103.004398409160785, 514411.432283212372568 ], [ 414119.495294333901256, 514407.706890743866097 ], [ 414132.87799320963677, 514407.437338990683202 ], [ 414147.322844568174332, 514409.751250616100151 ], [ 414152.064865204156376, 514411.995783210441004 ], [ 414154.342808636662085, 514416.547762671660166 ], [ 414154.689151218975894, 514424.980234165734146 ], [ 414152.543242111103609, 514431.699395419796929 ], [ 414147.557023125700653, 514437.372906533011701 ], [ 414132.930120120930951, 514449.995058671804145 ], [ 414122.232162014930509, 514457.046130188915413 ], [ 414106.094796204648446, 514464.553059154597577 ], [ 414097.690771313849837, 514472.102299729711376 ], [ 414090.946244421415031, 514481.511587726243306 ], [ 414085.954377100919373, 514491.855714495992288 ], [ 414084.516561996308155, 514499.358850327145774 ], [ 414085.432014980353415, 514508.178970910783391 ], [ 414088.440436172299087, 514516.052172094699927 ], [ 414093.200909607403446, 514521.268245582759846 ], [ 414124.465698371874169, 514539.110374008305371 ], [ 414138.027634315541945, 514542.94356150663225 ], [ 414168.846374468645081, 514547.83740067249164 ], [ 414179.699440755706746, 514548.536724775272887 ], [ 414189.304870983993169, 514547.573234396346379 ], [ 414199.95487885561306, 514545.205658681632485 ], [ 414209.543080300732981, 514542.177616751170717 ], [ 414224.665085035550874, 514535.396917543723248 ], [ 414234.679111637349706, 514531.941672141547315 ], [ 414250.872916829132009, 514527.654624886519741 ], [ 414265.982783717801794, 514524.873482147755567 ], [ 414295.016292170388624, 514523.375080116500612 ], [ 414369.74725320993457, 514523.233828395139426 ], [ 414389.476090697164182, 514521.621599720616359 ], [ 414402.184719605604187, 514517.879190443782136 ], [ 414439.114190561405849, 514500.635629917145707 ], [ 414460.646770790044684, 514488.607452940312214 ], [ 414478.473859442980029, 514476.47223186615156 ], [ 414497.232433905650396, 514460.631254044070374 ], [ 414518.931090315920301, 514446.352859127218835 ], [ 414531.003225425374694, 514435.924350526591297 ], [ 414541.072753700893372, 514425.41091647540452 ], [ 414556.508746044361033, 514402.705735786119476 ], [ 414566.877261901972815, 514390.539062540687155 ], [ 414582.13206184154842, 514376.369300961203407 ], [ 414588.950548188877292, 514372.495757361582946 ], [ 414595.132713200233411, 514372.130141103465576 ], [ 414601.80322063685162, 514373.642842588305939 ], [ 414606.960203523165546, 514376.546612062316854 ], [ 414611.911220463342033, 514381.249983131943736 ], [ 414615.046054714592174, 514386.273486339487135 ], [ 414618.564005094463937, 514395.359735332778655 ], [ 414622.48053810786223, 514410.349632236524485 ], [ 414626.015082113794051, 514416.296647121722344 ], [ 414629.508559801266529, 514420.267578916798811 ], [ 414633.557210227358155, 514422.741395892633591 ], [ 414638.571213054354303, 514424.191742121940479 ], [ 414642.596215604397003, 514424.185465255810414 ], [ 414647.060258095909376, 514422.827046045858879 ], [ 414654.636950469284784, 514417.785341732087545 ], [ 414665.065243762568571, 514402.512727157678455 ], [ 414670.180772552208509, 514398.466368263878394 ], [ 414676.412777200341225, 514396.4544043923961 ], [ 414695.380737782339565, 514396.964969144086353 ], [ 414700.403545017819852, 514394.711037800880149 ], [ 414705.769861222361214, 514389.869525454996619 ], [ 414708.471695896587335, 514385.584279241855256 ], [ 414711.335383265453856, 514374.367865099338815 ], [ 414715.355825254926458, 514363.773612465709448 ], [ 414717.732281491800677, 514361.426336132222787 ], [ 414742.477104044693988, 514344.46825877786614 ], [ 414747.860005124413874, 514338.993517674389295 ], [ 414753.360262516245712, 514329.980793655326124 ], [ 414758.816251732059754, 514312.823132819263265 ], [ 414765.259389481216203, 514298.868512210843619 ], [ 414771.676666779268999, 514289.877172611246351 ], [ 414785.86965341377072, 514274.134135147847701 ], [ 414789.050214941438753, 514272.016982238739729 ], [ 414792.388138599460945, 514271.356693968642503 ], [ 414813.814200076507404, 514273.614540384558495 ], [ 414826.525685924687423, 514277.123328699788544 ], [ 414847.580496877781115, 514286.363920631527435 ], [ 414857.165919486840721, 514292.048279144451953 ], [ 414886.009660189331044, 514311.664580674434546 ], [ 414904.808636224130169, 514321.207877351203933 ], [ 414924.383045451657381, 514329.357313606305979 ], [ 414963.257434410392307, 514343.618284064985346 ], [ 414989.741134923649952, 514356.197744095465168 ], [ 415001.997402177425101, 514360.212609833281022 ], [ 415015.328046796144918, 514363.381692559923977 ], [ 415030.368564104661345, 514365.697100130084436 ], [ 415046.026859912090003, 514366.428725392965134 ], [ 415105.51889711082913, 514363.633862203569151 ], [ 415126.893217229982838, 514359.938176692696288 ], [ 415157.009635459107812, 514349.590656547516119 ], [ 415168.24447954428615, 514346.844069752492942 ], [ 415183.744897514698096, 514344.824393841088749 ], [ 415197.589806592208333, 514345.421264584467281 ], [ 415225.457072144490667, 514350.611626400495879 ], [ 415246.21057588228723, 514357.297107308695558 ], [ 415287.234092789411079, 514374.976411085750442 ], [ 415321.858175061410293, 514395.523445105354767 ], [ 415343.082845446770079, 514403.557866472459864 ], [ 415356.542718787735794, 514411.770842034718953 ], [ 415359.207689248025417, 514412.913735807640478 ], [ 415379.455166605417617, 514412.541825304564554 ], [ 415402.282369753869716, 514407.991734200157225 ], [ 415405.902958392514847, 514406.012132453441154 ], [ 415408.993570352206007, 514402.95105215429794 ], [ 415416.985506852273829, 514389.804636435990687 ], [ 415420.874617744295392, 514379.927889401093125 ], [ 415425.049378557596356, 514365.136246609792579 ], [ 415429.000645749503747, 514344.084265261830296 ], [ 415428.536228836630471, 514298.684477851900738 ], [ 415425.944902013638057, 514259.640098871255759 ], [ 415426.389188068220392, 514251.959007373196073 ], [ 415430.306089317658916, 514242.958048732718453 ], [ 415443.247937945707235, 514224.895956357824616 ], [ 415448.987809717305936, 514218.118975499237422 ], [ 415454.519295727775898, 514213.889895860513207 ], [ 415482.932449192856438, 514203.772148578660563 ], [ 415497.467007198370993, 514201.446422891633119 ], [ 415504.602389589883387, 514201.495024382369593 ], [ 415510.576445928832982, 514202.638299430313054 ], [ 415516.94295194541337, 514205.293574727198575 ], [ 415523.885670523624867, 514209.53632101288531 ], [ 415529.911011907912325, 514214.551948515465483 ], [ 415536.561642963904887, 514221.609881885058712 ], [ 415541.359349006146658, 514227.597877575783059 ], [ 415544.294488389277831, 514232.744454954052344 ], [ 415546.996233516430948, 514243.762239150004461 ], [ 415547.289033866487443, 514261.006022828165442 ], [ 415549.251905496115796, 514270.143271316250321 ], [ 415562.204838000412565, 514303.813164204359055 ], [ 415571.278270088136196, 514318.125017624115571 ], [ 415576.837469140125904, 514324.217007306928281 ], [ 415582.711865321209189, 514329.001666549185757 ], [ 415590.288244728639256, 514333.707906199852005 ], [ 415597.167307550902478, 514336.539822865917813 ], [ 415602.321402872854378, 514337.475815853220411 ], [ 415608.001753821328748, 514337.245682069857139 ], [ 415623.064616917166859, 514333.175930989906192 ], [ 415632.71847423579311, 514328.269296948274132 ], [ 415642.676457529014442, 514321.237047225818969 ], [ 415651.020577380491886, 514313.338698707812 ], [ 415658.848572105343919, 514303.843353969568852 ], [ 415685.39044428721536, 514262.757514862227254 ], [ 415690.615209462703206, 514251.911486737895757 ], [ 415704.112230889266357, 514218.466131016029976 ], [ 415709.657497729291208, 514209.024270382709801 ], [ 415716.560756493243389, 514200.569699868850876 ], [ 415730.549138003378175, 514186.980452901800163 ], [ 415744.366816230758559, 514175.61913036002079 ], [ 415765.085377669951413, 514160.697353555064183 ], [ 415806.599132086557802, 514132.624523808539379 ], [ 415816.05931633291766, 514127.367559073434677 ], [ 415828.244385707192123, 514122.249826598330401 ], [ 415843.645451108517591, 514117.010892571357545 ], [ 415858.486526105261873, 514113.170635757734999 ], [ 415894.347545623895712, 514107.573947115801275 ], [ 415935.032115098496433, 514104.388822117063683 ], [ 415941.23299905640306, 514103.393167315167375 ], [ 415956.421787377912551, 514111.24958709650673 ], [ 415968.384310989407822, 514119.006727124389727 ], [ 415975.408128671930172, 514122.144148004357703 ], [ 415981.134777932194993, 514123.353777554933913 ], [ 415999.70847063412657, 514121.91310040402459 ], [ 416008.92697179102106, 514123.023796491033863 ], [ 416017.550116700993385, 514126.163851031917147 ], [ 416034.538371604518034, 514136.643828333530109 ], [ 416041.006484072771855, 514139.032874483498745 ], [ 416053.832278277317528, 514139.192533890192863 ], [ 416070.927411154611036, 514134.314257456921041 ], [ 416086.884899733355269, 514132.400078497885261 ], [ 416105.153802938642912, 514132.97099635534687 ], [ 416110.371901877399068, 514134.07245726295514 ], [ 416114.344434453989379, 514135.91339376301039 ], [ 416120.892574789118953, 514142.895007049315609 ], [ 416126.455860517802648, 514154.571099803666584 ], [ 416128.200854099355638, 514160.899330378684681 ], [ 416131.564687811711337, 514185.312399545975495 ], [ 416133.643118199077435, 514194.934381186030805 ], [ 416149.994327437016182, 514235.23899292643182 ], [ 416155.282933403796051, 514243.056682169320993 ], [ 416161.663728162937332, 514249.563842414470855 ], [ 416167.741029530938249, 514253.35435224219691 ], [ 416175.562911802553572, 514256.001371723716147 ], [ 416184.100912575318944, 514256.992825151246507 ], [ 416196.034943921258673, 514256.082976229896303 ], [ 416210.591678199241869, 514252.758173451700713 ], [ 416224.889106747112237, 514247.804119646782055 ], [ 416237.948393956176005, 514246.99919121718267 ], [ 416248.757914318062831, 514248.1214993672329 ], [ 416257.76479801198002, 514250.138499825319741 ], [ 416272.228773252863903, 514256.907413708278909 ], [ 416284.143583517230581, 514261.018568009196315 ], [ 416290.755667499790434, 514262.081812478194479 ], [ 416296.760982055333443, 514261.725281046470627 ], [ 416302.381153908267152, 514260.063825686112978 ], [ 416307.564249856746756, 514258.531744578969665 ], [ 416317.642947817163076, 514253.523160536249634 ], [ 416329.098529873590451, 514245.905316700635012 ], [ 416345.176732803229243, 514232.435474115016405 ], [ 416350.86175058351364, 514229.01517126779072 ], [ 416366.379228739067912, 514223.902177262061741 ], [ 416379.899741237051785, 514222.137392710021231 ], [ 416418.397734887432307, 514227.429647455515806 ], [ 416447.208587001776323, 514228.732984201109502 ], [ 416465.54860246356111, 514231.552420011430513 ], [ 416478.155521486129146, 514234.868268149497453 ], [ 416536.356868918286636, 514254.892520632420201 ], [ 416558.20753120072186, 514260.190970420429949 ], [ 416588.112659552018158, 514262.347350280324463 ], [ 416620.269342209736351, 514262.866303092276212 ], [ 416638.291427587508224, 514268.244944934209343 ], [ 416653.7830671207048, 514274.091300923842937 ], [ 416662.120566556986887, 514276.1252973107039 ], [ 416677.669610079494305, 514277.902616907609627 ], [ 416706.493377167382278, 514278.894706293591298 ], [ 416724.528738602413796, 514277.864339919935446 ], [ 416743.134061695192941, 514274.846107823192142 ], [ 416777.524289787048474, 514266.374257152725477 ], [ 416805.74292217718903, 514256.594767178525217 ], [ 416815.709278936788905, 514254.245988033828326 ], [ 416822.585422752774321, 514254.422271801624447 ], [ 416837.830735210329294, 514258.190510628453922 ], [ 416863.395087223616429, 514262.003285541199148 ], [ 416873.194120049593039, 514264.710182925569825 ], [ 416885.319979766616598, 514269.191604404128157 ], [ 416901.032574401237071, 514276.102689898281824 ], [ 416909.274690044228919, 514280.907483949908055 ], [ 416931.013656771159731, 514299.573781140730716 ], [ 416945.55058576783631, 514309.815531861037016 ], [ 416951.662870266358368, 514317.244151092483662 ], [ 416961.473682264913805, 514332.402545367949642 ], [ 416966.197045517503284, 514336.284473637817428 ], [ 416975.97649289976107, 514339.768007036705967 ], [ 416990.753109350625891, 514340.439875460113399 ], [ 417036.734081381524447, 514348.410925647884142 ], [ 417064.267107404535636, 514350.584485354833305 ], [ 417090.631191593885887, 514351.072444363962859 ], [ 417117.182268236356322, 514341.543654697423335 ], [ 417139.04977531824261, 514330.981160915573128 ], [ 417154.552506485837512, 514321.858360690006521 ], [ 417161.194933507591486, 514319.208451715821866 ], [ 417169.001611679035705, 514317.785434122662991 ], [ 417192.564882454462349, 514315.656872933730483 ], [ 417202.743193921924103, 514315.891486704465933 ], [ 417212.314298584242351, 514317.186777750204783 ], [ 417229.27427634090418, 514321.636842811887618 ], [ 417264.836030713224318, 514334.986894489789847 ], [ 417285.384976456640288, 514341.717137284227647 ], [ 417327.192861876275856, 514358.753781689505558 ], [ 417350.726165515021421, 514366.111380911548622 ], [ 417373.227567359281238, 514373.146467634243891 ], [ 417386.112958725483622, 514374.20771855651401 ], [ 417413.079560679732822, 514378.055875124759041 ], [ 417436.353153475909494, 514383.013625557359774 ], [ 417449.89043083623983, 514387.243638038926292 ], [ 417475.442381393804681, 514397.751895874389447 ], [ 417480.834838391980156, 514399.96903184580151 ], [ 417504.438849078316707, 514409.675995226658415 ], [ 417543.008674173557665, 514424.610773802152835 ], [ 417589.725138561218046, 514432.532387667917646 ], [ 417610.651898542477284, 514438.547196080442518 ], [ 417637.53933477436658, 514449.145399889908731 ], [ 417647.826301357767079, 514451.282777685904875 ], [ 417673.670913131267298, 514454.695854080957361 ], [ 417687.071547689498402, 514458.555333400552627 ], [ 417709.815211853361689, 514469.191463218070567 ], [ 417731.467903754790314, 514483.314107703219634 ], [ 417743.9024536969373, 514493.631802936200984 ], [ 417765.286757681577001, 514516.835621487931348 ], [ 417773.084832728316542, 514523.601899756875355 ], [ 417784.989659693907015, 514531.266440924315248 ], [ 417803.25623810372781, 514538.073897861351725 ], [ 417814.914155416190624, 514539.84361427166732 ], [ 417819.745651553908829, 514540.488200129359029 ], [ 417824.064178427215666, 514541.064575281692669 ], [ 417837.445707205566578, 514540.17612928757444 ], [ 417841.903255740646273, 514539.091690081229899 ], [ 417851.358224947471172, 514534.481746989942621 ], [ 417854.131913728313521, 514533.032968989864457 ], [ 417860.052241735276766, 514531.159098651609384 ], [ 417893.847633392608259, 514524.220448263164144 ], [ 417906.254732666886412, 514522.935296280367766 ], [ 417913.866151904803701, 514522.964573795616161 ], [ 417924.976688526337966, 514524.891933619161136 ], [ 417937.383612879959401, 514528.356562938774005 ], [ 417970.520540468220133, 514541.862423509883229 ], [ 418016.638932484667748, 514557.315047903510276 ], [ 418029.363995045947377, 514560.624185895081609 ], [ 418037.893973638943862, 514562.395528871391434 ], [ 418074.92456605785992, 514570.086065136420075 ], [ 418134.342677868029568, 514574.116732257185504 ], [ 418177.37271295953542, 514578.510959155915771 ], [ 418200.687271848029923, 514578.817018599947914 ], [ 418251.393086733238306, 514577.541242200182751 ], [ 418305.362975706811994, 514581.306128684489522 ], [ 418321.912614649278112, 514580.436161158198956 ], [ 418355.85971350944601, 514576.803469609876629 ], [ 418383.348019570345059, 514571.099703208659776 ], [ 418402.840264682192355, 514563.666775895166211 ], [ 418438.485168822458945, 514543.822794433566742 ], [ 418461.594410296471324, 514533.727065336715896 ], [ 418472.330426287953742, 514530.50853160454426 ], [ 418476.852618266420905, 514529.152649072580971 ], [ 418497.309407943626866, 514526.982811401772778 ], [ 418507.031656587263569, 514524.973710020596627 ], [ 418520.235045218840241, 514520.986178178340197 ], [ 418531.860801114235073, 514516.245861149916891 ], [ 418539.120140675920993, 514512.234678332402837 ], [ 418571.046479976153933, 514490.880007809028029 ], [ 418591.901589974178933, 514481.565659072250128 ], [ 418599.219912458676845, 514477.018790581147186 ], [ 418604.648495092755184, 514471.581441615591757 ], [ 418615.775438781478442, 514456.669243453885429 ], [ 418627.577871065062936, 514444.531149247544818 ], [ 418637.243111650459468, 514436.089478181558661 ], [ 418654.388127719168551, 514423.750468361307867 ], [ 418669.203405400796328, 514409.599229629093315 ], [ 418676.324541207228322, 514403.965406051254831 ], [ 418698.22140359156765, 514391.117202047549654 ], [ 418714.354607527318876, 514383.316953623492736 ], [ 418724.630290520086419, 514379.550358074542601 ], [ 418738.583728279802017, 514376.50562362477649 ], [ 418747.785640125046484, 514376.289966155542061 ], [ 418752.311184191319626, 514377.419966465502512 ], [ 418761.661055757780559, 514382.155500922352076 ], [ 418768.800523089419585, 514384.580372043303214 ], [ 418778.300621854199562, 514386.73381652351236 ], [ 418787.73207962163724, 514387.75430495350156 ], [ 418820.890496131265536, 514386.0531717549311 ], [ 418835.331576310447417, 514383.659695083159022 ], [ 418882.310278001008555, 514369.909610272094142 ], [ 418890.446363574475981, 514366.848082273674663 ], [ 418904.026210954878479, 514359.589028414688073 ], [ 418931.436207240214571, 514342.369485987524968 ], [ 418948.284300985571463, 514332.75822955230251 ], [ 418964.098687381541822, 514324.903196480008774 ], [ 418980.82826739596203, 514318.145343785232399 ], [ 419006.571622746763751, 514310.562991179933306 ], [ 419051.581307100132108, 514300.668982149218209 ], [ 419072.74862065713387, 514297.503374086227268 ], [ 419123.650802014220972, 514295.820932672882918 ], [ 419165.164500280632637, 514297.769104645063635 ], [ 419198.803703738492914, 514298.243001873546746 ], [ 419225.21984858054202, 514296.656051969446708 ], [ 419234.28861146629788, 514298.506570464931428 ], [ 419268.726241997792386, 514310.110807254328392 ], [ 419290.26173107145587, 514314.212324050313327 ], [ 419307.941755554522388, 514316.011101095296908 ], [ 419334.269277850515209, 514316.220935648132581 ], [ 419372.680536496976856, 514319.226729040325154 ], [ 419382.200677991611883, 514318.798108385526575 ], [ 419406.795507129339967, 514311.47231495718006 ], [ 419423.093628200876992, 514304.037059760186821 ], [ 419434.031166957633104, 514300.32458680565469 ], [ 419439.703050955955405, 514297.200398101005703 ], [ 419444.459703520929907, 514293.55605066427961 ], [ 419448.190860863600392, 514289.227638036594726 ], [ 419451.265963454614393, 514284.222203429089859 ], [ 419456.093875052116346, 514273.347543529293034 ], [ 419463.18637811782537, 514264.391262021381408 ], [ 419477.192812940338627, 514254.901732452621218 ], [ 419492.068732687796, 514248.639576080313418 ], [ 419505.281722855404951, 514246.400196817354299 ], [ 419519.835402497556061, 514245.621772831247654 ], [ 419530.798082069377415, 514245.6992109346902 ], [ 419549.379446785023902, 514241.926447686273605 ], [ 419567.958725411153864, 514237.409359683806542 ], [ 419583.403211932396516, 514237.731648193264846 ], [ 419596.221255017037038, 514238.069778472709004 ], [ 419606.265519144071732, 514239.527618186024483 ], [ 419617.061022383684758, 514243.586205157509539 ], [ 419627.858815610175952, 514248.38851779041579 ], [ 419648.712868373258971, 514258.738959267735481 ], [ 419659.513897556171287, 514264.656761095742695 ], [ 419668.461237230221741, 514272.439600071054883 ], [ 419675.176258769759443, 514279.856545630842447 ], [ 419683.388731847284362, 514290.61607641284354 ], [ 419692.353487352549564, 514304.348219036590308 ], [ 419704.690033147577196, 514326.62280143861426 ], [ 419710.293943209864665, 514335.530834735371172 ], [ 419715.156417643825989, 514345.1844834277872 ], [ 419721.13009991828585, 514353.347948112990707 ], [ 419727.094926758145448, 514358.536212022707332 ], [ 419735.936704163264949, 514365.589230967336334 ], [ 419746.476858053531032, 514374.096727745549288 ], [ 419758.02265927643748, 514380.384213207405992 ], [ 419767.710291333845817, 514387.049184590287041 ], [ 419780.371782390284352, 514393.333138685149606 ], [ 419797.503983415779658, 514402.578861587157007 ], [ 419807.929920253518503, 514407.382332793320529 ], [ 419818.724387605208904, 514411.068971561151557 ], [ 419826.91163671965478, 514413.276170558936428 ], [ 419836.579670986044221, 514413.247914490639232 ], [ 419847.731825562485028, 514412.099192237539683 ], [ 419859.251264904800337, 514409.462372860172763 ], [ 419870.02394558879314, 514405.712153876083903 ], [ 419881.537962888018228, 514401.216418799711391 ], [ 419895.280971005850006, 514395.969990713696461 ], [ 419913.483947576081846, 514389.966701644472778 ], [ 419938.743167984823231, 514380.967960314941593 ], [ 419954.342161534004845, 514374.600616970739793 ], [ 419982.206617934280075, 514366.33798618032597 ], [ 419996.697636914206669, 514362.576915950688999 ], [ 420017.135979381739162, 514358.054805173189379 ], [ 420033.492885001818649, 514356.51929063280113 ], [ 420047.622890990576707, 514356.477596120908856 ], [ 420063.608980706951115, 514355.314988942467608 ], [ 420084.806481921928935, 514355.996374491485767 ], [ 420098.194009508006275, 514356.328732821100857 ], [ 420110.842188205104321, 514358.151133757666685 ], [ 420128.330962271953467, 514362.189736835891381 ], [ 420148.801012965501286, 514368.450865019229241 ], [ 420167.036749405204318, 514373.603471037175041 ], [ 420178.950064009171911, 514378.40207233093679 ], [ 420191.23962008493254, 514384.687284017622005 ], [ 420201.296949673560448, 514390.607499672449194 ], [ 420211.717388318269514, 514393.551462527888361 ], [ 420223.995901067450177, 514396.118239251431078 ], [ 420238.592542133410461, 514396.633312897291034 ], [ 420250.025868951459415, 514396.320546364178881 ], [ 420262.01380718126893, 514394.891071802936494 ], [ 420273.161845223570708, 514392.348131209611893 ], [ 420284.58365630346816, 514388.131144206097815 ], [ 420294.886942451645155, 514382.80199956841534 ], [ 420305.467235144285951, 514376.914299447613303 ], [ 420317.150793294305913, 514366.840121474815533 ], [ 420334.115201918000821, 514350.614677798934281 ], [ 420344.396969499473926, 514338.034632437746041 ], [ 420353.838834179739933, 514324.34141944575822 ], [ 420359.390221184468828, 514315.400814468797762 ], [ 420365.219623046810739, 514306.180277461593505 ], [ 420372.72822120541241, 514298.907349759305362 ], [ 420384.414205788052641, 514289.66953214618843 ], [ 420393.60028529423289, 514283.785967036557849 ], [ 420407.809314232028555, 514279.003138642583508 ], [ 420415.062030533154029, 514279.539562353806105 ], [ 420425.103378136176616, 514280.067699942388572 ], [ 420432.359329238417558, 514281.719715885701589 ], [ 420438.504639937309548, 514285.048204709019046 ], [ 420446.045174557308201, 514288.651573997514788 ], [ 420453.031097077182494, 514293.372252669243608 ], [ 420464.211078327032737, 514301.705804905621335 ], [ 420470.920702973788138, 514307.264162705163471 ], [ 420477.06773127586348, 514311.150499555107672 ], [ 420485.444028572528623, 514314.472321927838493 ], [ 420491.303849631280173, 514315.570435936155263 ], [ 420498.275120604550466, 514315.271000034583267 ], [ 420505.240731287747622, 514313.01970179885393 ], [ 420512.480215841787867, 514309.093755753245205 ], [ 420521.948160330357496, 514304.324771000479814 ], [ 420529.460099381045438, 514298.167230079765432 ], [ 420540.310231940704398, 514289.211053034523502 ], [ 420551.433628388214856, 514278.301703981007449 ], [ 420562.005746182636358, 514269.625356580654625 ], [ 420569.24442300060764, 514265.420684216951486 ], [ 420579.538427311170381, 514257.023767153266817 ], [ 420600.446043466101401, 514287.0188068728894 ], [ 420629.471027737483382, 514326.258843771007378 ], [ 420658.944745701504871, 514361.435572588292416 ], [ 420695.205552813247778, 514390.286521809874102 ], [ 420727.410171478521079, 514404.152283299015835 ], [ 420738.305928003625013, 514400.154053846898023 ], [ 420750.187388554797508, 514394.169193363806698 ], [ 420764.055079254787415, 514389.17053410486551 ], [ 420784.875322581734508, 514388.117866725951899 ], [ 420795.289923275937326, 514389.07889264280675 ], [ 420810.176752806524746, 514393.497089628130198 ], [ 420825.065076140803285, 514398.411073979688808 ], [ 420847.415173716726713, 514411.73204130853992 ], [ 420860.337864147615619, 514422.601538432412781 ], [ 420872.770638493006118, 514435.455676521873102 ], [ 420887.190837259520777, 514449.791405925177969 ], [ 420904.084200180193875, 514462.136528167000506 ], [ 420907.010737511562183, 514464.141946954361629 ], [ 420918.491367606213316, 514472.00988134223735 ], [ 420931.901191493263468, 514479.903173739672638 ], [ 420951.756245436496101, 514487.777565192896873 ], [ 420971.109544458100572, 514493.670302592334338 ], [ 420992.434454725123942, 514495.590575997950509 ], [ 421014.756811252445914, 514499.491113326104823 ], [ 421027.151488298957702, 514499.454702388844453 ], [ 421038.056019530631602, 514498.431194795120973 ], [ 421051.437995590385981, 514496.904337771411519 ], [ 421062.83105414052261, 514493.400101728795562 ], [ 421090.576336587080732, 514486.87348996673245 ], [ 421108.917682744562626, 514485.827594452828635 ], [ 421120.822548264230136, 514487.775924753746949 ], [ 421132.740447582909837, 514494.186041763692629 ], [ 421147.144745431141928, 514503.068234796868637 ], [ 421156.099560437723994, 514513.45340776751982 ], [ 421162.084127183770761, 514525.334798634925392 ], [ 421166.579738070606254, 514536.724979300110135 ], [ 421169.591070932743605, 514549.110913040174637 ], [ 421173.586516378098167, 514559.015124563011341 ], [ 421181.045212841418106, 514566.43015325901797 ], [ 421194.943479139299598, 514571.842833853384946 ], [ 421213.801114171743393, 514577.736880603712052 ], [ 421226.201673125033267, 514579.683825475047342 ], [ 421234.494048928376287, 514579.6594714774983 ], [ 421240.083828179631382, 514579.642843655601609 ], [ 421248.510826149082277, 514579.122488218883518 ], [ 421261.39116193150403, 514575.613876493473072 ], [ 421267.394037888152525, 514573.673248493229039 ], [ 421273.774218459497206, 514571.610968614171725 ], [ 421286.653163301816676, 514567.606668171298224 ], [ 421299.533501274185255, 514564.098154820268974 ], [ 421313.406808366300538, 514561.082444161293097 ], [ 421332.24844110669801, 514561.522826348606031 ], [ 421352.581716648070142, 514563.44619550567586 ], [ 421368.451309870753903, 514564.88690703175962 ], [ 421386.311417857185006, 514568.80079034017399 ], [ 421404.167250714963302, 514571.227310288581066 ], [ 421417.067988843424246, 514574.659729251812678 ], [ 421421.359966188087128, 514575.219151514873374 ], [ 421424.084866205928847, 514581.690659523184877 ], [ 421435.534745690121781, 514597.522161855071317 ], [ 421444.986849767272361, 514608.401752060628496 ], [ 421455.957051481294911, 514629.688920900109224 ], [ 421461.461745114182122, 514647.025398118246812 ], [ 421466.972404013678897, 514666.345429744862486 ], [ 421471.491486182552762, 514685.667746829800308 ], [ 421476.008973482705187, 514704.494675914815161 ], [ 421480.520691842248198, 514721.338352808612399 ], [ 421490.99071955337422, 514741.139359490189236 ], [ 421505.425561756244861, 514760.432746200996917 ], [ 421514.177143945998978, 514768.198843133286573 ], [ 421531.115221321291756, 514782.549887126951944 ], [ 421558.485218190122396, 514797.584512649686076 ], [ 421284.724757958902046, 517247.147088928264566 ], [ 420858.204905802500434, 521064.102278301725164 ], [ 420859.899309203145094, 521068.630847944470588 ], [ 420866.956562693347223, 521089.661564100708347 ], [ 420875.782040608639363, 521115.961590405553579 ], [ 420896.40330270229606, 521151.713968257769011 ], [ 420910.666444682981819, 521163.799424417433329 ], [ 420930.204600441851653, 521172.72256540437229 ], [ 420935.099692145246081, 521174.523881013097707 ], [ 420972.973212718265131, 521188.461312479048502 ], [ 421021.551064612169284, 521207.350848880945705 ], [ 421046.37685002561193, 521225.737948813242838 ], [ 421059.588183106621727, 521241.507143556198571 ], [ 421066.993122431915253, 521256.75568370486144 ], [ 421070.706147319287993, 521274.638629677996505 ], [ 421059.143773928284645, 521323.049858344544191 ], [ 421051.800679257896263, 521368.300231236498803 ], [ 421056.564337244897615, 521381.447325078654103 ], [ 421065.017959736404009, 521389.856056398537476 ], [ 421084.550548764993437, 521393.518873939698096 ], [ 421114.633370913565159, 521391.383628688403405 ], [ 421137.853784473438282, 521388.20342010143213 ], [ 421168.973492103861645, 521367.654709861497395 ], [ 421202.729003463988192, 521343.946486569067929 ], [ 421225.408766876265872, 521328.141072303464171 ], [ 421239.652092682023067, 521320.761526382644661 ], [ 421250.735953744850121, 521320.750196253764443 ], [ 421286.640935976407491, 521334.39151178940665 ], [ 421309.342589319101535, 521340.155298354802653 ], [ 421338.368154738447629, 521336.443307157082018 ], [ 421362.112161690893117, 521329.054175234690774 ], [ 421397.460871263523586, 521314.814066444057971 ], [ 421420.151692561223172, 521310.056025647791103 ], [ 421442.853363345377147, 521315.819813337759115 ], [ 421451.837209456949495, 521326.85830876394175 ], [ 421452.385392436117399, 521346.848753518541344 ], [ 421449.25014648179058, 521377.890670380264055 ], [ 421447.687061764416285, 521397.883443445025478 ], [ 421448.774230490787886, 521428.92100206197938 ], [ 421451.97040672408184, 521457.852466707176063 ], [ 421459.373258057050407, 521477.200232141010929 ], [ 421490.406013260420877, 521500.842316452180967 ], [ 421540.5817764129024, 521534.328995464136824 ], [ 421578.858474820619449, 521544.811904775968287 ], [ 421608.554868891194928, 521552.015427468053531 ], [ 421664.632249836926349, 521549.985793164756615 ], [ 421711.466407291707583, 521541.389147573325317 ], [ 421743.13072878215462, 521537.411537264473736 ], [ 421764.248346536478493, 521542.651140727393795 ], [ 421782.068469048361294, 521549.209124846966006 ], [ 421787.357166983361822, 521559.725156968343072 ], [ 421783.41325176024111, 521574.196424644615036 ], [ 421773.54222079156898, 521599.195158657093998 ], [ 421772.240066551079508, 521616.294253932894208 ], [ 421784.790729289175943, 521631.406156957906205 ], [ 421819.116671712545212, 521649.784224307222757 ], [ 421873.915136956842616, 521687.869484565395396 ], [ 421918.146751412888989, 521715.443834934616461 ], [ 421959.072169606690295, 521735.788071114046033 ], [ 421996.041722984868102, 521758.76666536758421 ], [ 422007.272213511925656, 521773.222614213067573 ], [ 422017.191126305959187, 521795.570989427738823 ], [ 422021.180271242221352, 521825.816500304616056 ], [ 422018.5876468262868, 521871.851066895527765 ], [ 422021.24598976818379, 521890.918933284410741 ], [ 422030.491863547067624, 521900.115913271263707 ], [ 422042.370809148356784, 521903.39182344643632 ], [ 422064.136008430272341, 521896.793740415538196 ], [ 422089.843841282010544, 521874.409599679405801 ], [ 422124.763682816235814, 521827.684771992266178 ], [ 422152.452891249326058, 521807.271267671196256 ] ] ] ] } }
]
}
